nombre,correo,telefono,direccion
Claybourne,cmeys0@xrea.com,371-188-0358,0231 Magdeline Way
Donielle,dlathwell1@elpais.com,470-642-3392,24 Warbler Street
Tansy,ttrask2@canalblog.com,553-240-5106,48651 Everett Plaza
Kimmie,kedmundson3@china.com.cn,773-127-1965,54612 Walton Point
My,msimonassi4@bing.com,462-715-1422,30347 Pine View Hill
Valerie,vvellacott5@hubpages.com,128-104-5022,7 Blackbird Hill
Farrand,fgoldine6@whitehouse.gov,561-922-5445,76 Muir Avenue
Rice,rphilpot7@hexun.com,282-970-8984,2211 Hanover Place
Whitaker,wbaudin8@reverbnation.com,972-748-0165,221 Morrow Avenue
Ysabel,yfletcher9@flavors.me,446-354-9034,210 Crescent Oaks Hill
Beatrice,bfarryana@ow.ly,571-225-4711,640 Arrowood Drive
Brana,blamperdb@hao123.com,201-426-4400,05307 Bultman Terrace
Dory,dberrillc@sciencedaily.com,723-889-3876,72497 Drewry Way
Barny,bwynessd@huffingtonpost.com,604-720-0391,35475 Blaine Hill
Michaela,mfarnese@sphinn.com,499-335-0883,29868 Commercial Plaza
Rockwell,rspykinsf@imdb.com,914-918-7643,54403 High Crossing Way
Jacynth,jgellierg@irs.gov,807-456-9757,7 Russell Plaza
Tess,teadieh@hp.com,175-358-8285,35 Eliot Trail
Henri,htullethi@bloglines.com,638-467-9446,417 Declaration Avenue
Dagmar,dbaggallayj@businesswire.com,721-429-0022,81472 Vermont Place
Theda,thowsink@gov.uk,744-645-2092,61 Mccormick Road
Kristy,kskurml@woothemes.com,805-716-0697,805 Crescent Oaks Park
Bradford,barnoultm@123-reg.co.uk,323-436-1053,96771 West Hill
Waiter,wcortonn@wix.com,581-980-9543,273 Summer Ridge Crossing
Annamaria,anobletto@addthis.com,675-895-0194,21 Blue Bill Park Drive
Erv,emaddrahp@google.pl,994-628-1517,3687 Lawn Terrace
Cicily,cdoutyq@cornell.edu,964-644-6422,746 Hintze Avenue
Halette,hologhlenr@bloomberg.com,178-504-0173,785 Fieldstone Place
Ladonna,lpietrzyks@i2i.jp,433-704-5065,273 Merrick Court
Nerissa,nweisst@exblog.jp,475-627-2559,023 Donald Place
Gerrard,geadieu@zimbio.com,416-158-5658,0 Spenser Drive
Dyana,dfranzenv@php.net,900-913-0843,49467 Fair Oaks Pass
Alisun,aharbagew@weather.com,415-576-1527,42 Browning Parkway
Ainslee,abarteletx@bing.com,716-727-3541,2 Rigney Circle
Garreth,gembliny@gmpg.org,308-726-9280,153 Aberg Crossing
Julee,jpesakz@multiply.com,615-198-8005,50452 Mendota Lane
Claudie,cbanfield10@people.com.cn,405-216-1713,7 Susan Alley
Rhianon,rgoldsack11@wix.com,574-768-0592,5099 Stone Corner Parkway
Joyce,jtunnoch12@nationalgeographic.com,361-448-0363,9 Paget Road
Jacinthe,jjolliff13@4shared.com,258-734-0269,282 Anniversary Avenue
Edik,enestle14@wikia.com,706-959-8456,62810 Dottie Terrace
Anestassia,ablancowe15@example.com,142-260-3782,27345 Sommers Circle
Ludovico,lgirogetti16@harvard.edu,618-341-2072,21 Farragut Road
Matthaeus,mmaddrah17@ucoz.ru,154-311-0799,07923 Starling Lane
Irwinn,ibyk18@ebay.co.uk,872-137-9431,81 Corben Avenue
Salomi,smauchline19@eepurl.com,623-717-5720,79673 Crownhardt Lane
Sara,seastbury1a@woothemes.com,651-926-2895,93307 Rigney Junction
Mariejeanne,mrecords1b@zimbio.com,508-929-2824,2 Eggendart Circle
Jackson,jmccafferty1c@usa.gov,569-804-3398,1694 Morrow Park
Dur,doshields1d@ezinearticles.com,360-934-1597,23 Alpine Avenue
Correy,cgoodson1e@mapy.cz,683-953-6540,391 Prairieview Pass
Florida,fgianiello1f@wordpress.com,293-161-3616,306 Rockefeller Park
Janeen,janear1g@smh.com.au,932-776-1618,986 Vernon Pass
Martin,mpittem1h@aboutads.info,823-589-9018,1 Village Parkway
Brit,bbugge1i@cmu.edu,321-884-7598,6 Muir Avenue
Codi,cnoddles1j@techcrunch.com,500-887-1878,0795 Fieldstone Street
Jude,jskellen1k@multiply.com,610-312-6141,78 Main Alley
Modesty,mbesemer1l@msn.com,193-791-5411,715 Buhler Road
Laurianne,llerer1m@hatena.ne.jp,509-402-2899,64207 Roxbury Place
Maryanne,mswapp1n@mtv.com,848-262-1852,9 Bultman Point
Dulcie,dgemlett1o@tmall.com,315-868-5388,7 Kenwood Trail
Ximenez,xpandie1p@163.com,645-369-9885,5 Fallview Avenue
Ardys,afilippone1q@earthlink.net,554-489-2227,860 Express Street
Tally,tkitchenside1r@sakura.ne.jp,591-350-3885,87435 1st Place
Yalonda,ydiroberto1s@friendfeed.com,475-565-9672,1 John Wall Park
Thorndike,tmanuelli1t@sohu.com,772-836-3611,77 Golf View Place
Huey,hdjokic1u@geocities.jp,351-436-8693,069 New Castle Point
Peder,pupshall1v@java.com,516-413-5135,48096 Springs Way
Alvin,aeadington1w@alexa.com,901-414-2875,88 Bluestem Center
Abram,ameddemmen1x@cam.ac.uk,936-998-6610,64310 Johnson Pass
Otha,ogethin1y@wp.com,647-477-4308,2596 Rigney Park
Justus,jmaccardle1z@opensource.org,270-485-7295,51699 Anniversary Street
Libby,lsnarr20@bloglovin.com,642-291-3299,10 Sugar Road
Quintana,qduddy21@umich.edu,695-996-6811,30418 Walton Avenue
Rufus,ritzchaki22@soundcloud.com,542-929-0874,3432 Pennsylvania Lane
Emalia,epowell23@constantcontact.com,972-616-0183,432 Hooker Crossing
Emlynne,ehows24@tinyurl.com,576-916-7931,412 Monterey Junction
Eziechiele,ecastagna25@miitbeian.gov.cn,748-556-6167,553 Little Fleur Point
Duffie,dfluger26@unesco.org,237-487-9896,47 Messerschmidt Trail
Bernelle,bdecaville27@theatlantic.com,247-119-7551,75 Sachs Alley
Blake,bheineking28@canalblog.com,180-232-8347,695 Sachtjen Center
Jorry,jdemerida29@nydailynews.com,525-361-1092,6447 Hagan Road
Carmel,cgarratt2a@jiathis.com,139-439-3993,0 Randy Plaza
Bryn,bkik2b@stanford.edu,171-577-0298,81552 Forest Dale Drive
Aurilia,ashier2c@wikia.com,436-452-2600,17 Claremont Place
Robina,rbraizier2d@webmd.com,383-744-3180,4240 Thompson Court
Jeanette,jconigsby2e@surveymonkey.com,143-683-1290,33442 Havey Road
Vivia,vclausewitz2f@wikipedia.org,998-214-0451,4390 Pond Pass
Aldin,acubin2g@ftc.gov,613-352-5786,4386 Anderson Park
Templeton,tchrystie2h@google.ca,774-703-7901,9 Summer Ridge Park
Jarad,jspeachley2i@bloomberg.com,993-347-8090,857 Donald Parkway
Gratiana,grestall2j@unblog.fr,511-351-8919,0844 Gina Road
Jordain,jlote2k@dailymail.co.uk,354-611-8306,2 8th Way
Debby,dcamilio2l@chicagotribune.com,881-178-1261,2615 Macpherson Way
Kaja,khartgill2m@bloglines.com,315-532-0073,20 Montana Hill
Berky,bodaly2n@rediff.com,254-484-0241,801 Vermont Point
Vonny,vgeldeford2o@webeden.co.uk,832-859-5713,4488 Portage Hill
Nissie,nphilbin2p@ow.ly,226-813-9748,6 Warrior Lane
Jada,jglowinski2q@sogou.com,522-784-1434,92 Farragut Drive
Luciana,llittefair2r@meetup.com,113-981-3099,1738 Old Shore Way
Karine,ktandy2s@homestead.com,937-151-1047,32292 Havey Parkway
Cordelia,chyrons2t@netlog.com,447-822-7313,1 Melby Lane
Germaine,gtwist2u@amazonaws.com,704-877-5340,22064 Oriole Avenue
Marice,mglossop2v@soup.io,990-957-0654,71 Knutson Terrace
Yolande,ypettyfer2w@engadget.com,208-650-0354,9104 Dorton Crossing
Sallyanne,scarlson2x@blogs.com,625-224-5874,8 1st Junction
Woodman,wdoram2y@indiegogo.com,338-759-9998,739 Lunder Drive
Arlen,afearnside2z@ustream.tv,586-120-9972,15245 Londonderry Terrace
Shela,shalleybone30@parallels.com,695-367-4478,3243 Monica Drive
Emelita,erosle31@intel.com,906-933-4064,42 Fairview Terrace
Allix,adeex32@upenn.edu,730-628-7490,7868 Arrowood Place
Brand,bwands33@webs.com,365-985-6948,41 Victoria Place
Ronnie,rwellfare34@weibo.com,122-854-4158,60 Roxbury Pass
Gerta,ggoulborn35@adobe.com,546-992-8048,78 Brentwood Drive
Carly,cpeddar36@simplemachines.org,454-478-0623,75596 Nevada Center
Danika,dguinane37@youtu.be,493-496-9079,4 Merrick Street
Leela,lmerrall38@time.com,352-281-3269,4 Myrtle Junction
Bartolomeo,bdunlap39@youku.com,280-612-2920,01722 Russell Pass
Noella,ncordeix3a@addtoany.com,239-313-7532,2493 Red Cloud Hill
Lynnell,lpeart3b@cdbaby.com,926-563-1233,5 Bartelt Alley
Ezekiel,ezealey3c@netlog.com,303-584-8470,9 Farmco Lane
Panchito,pdumbell3d@tinypic.com,391-175-7282,5395 Kedzie Alley
Ahmad,aclackers3e@ucoz.com,463-266-3451,91 Stuart Trail
Shirlene,sference3f@ca.gov,207-813-5523,660 Heffernan Plaza
Nettie,nmccombe3g@unblog.fr,496-160-2333,90 Macpherson Parkway
Liam,laldwick3h@census.gov,315-727-9085,8958 Acker Street
Alys,acormode3i@jimdo.com,894-494-7727,39530 Blaine Parkway
Hunt,hinworth3j@about.me,822-843-3532,1 Blue Bill Park Point
Jard,jsmallsman3k@jugem.jp,790-199-6607,8774 Eggendart Parkway
Fredek,fantoniewicz3l@seattletimes.com,646-422-5233,88035 Northland Place
Harvey,hperris3m@yale.edu,554-542-6373,424 Vermont Park
Barde,bholyard3n@opensource.org,966-723-2433,6906 North Parkway
Drucy,dpiffe3o@artisteer.com,931-155-7236,694 Forster Center
Taddeo,tclayworth3p@mozilla.org,151-786-5760,47 Mccormick Lane
Blayne,bguiel3q@harvard.edu,940-286-6178,330 Prentice Junction
Sammy,sviscovi3r@uiuc.edu,570-363-6084,38843 Sunfield Drive
Madelena,mfaltskog3s@dyndns.org,722-529-5565,4477 Bayside Plaza
Ezequiel,efraser3t@amazonaws.com,865-427-3714,5 Lakewood Circle
Joana,jbraferton3u@delicious.com,857-649-3851,9 Clove Center
Ertha,emalham3v@uol.com.br,537-789-5354,55 Shelley Road
Wallache,wjantzen3w@oracle.com,282-328-6390,675 Knutson Trail
Herc,hdigan3x@theglobeandmail.com,872-939-2770,971 Lien Alley
Alfie,apalser3y@creativecommons.org,317-255-6178,7437 Moose Lane
Haley,hrubinowitch3z@theglobeandmail.com,380-936-2508,7 Muir Avenue
Inglis,ilindelof40@aol.com,575-484-2289,2984 Homewood Way
Silvio,spien41@storify.com,718-416-1366,8 Hoepker Circle
Tod,tghio42@mapy.cz,133-685-8390,5294 Miller Center
Parry,pflannigan43@hc360.com,556-227-1894,62 Arkansas Pass
Jerri,jmeenan44@salon.com,821-691-7764,4 New Castle Lane
Shirline,slacotte45@ehow.com,112-774-6602,26 Shasta Lane
Shelba,slenoir46@patch.com,339-323-0055,75404 Oriole Avenue
Lyndel,lcoviello47@techcrunch.com,541-784-6049,8 Rutledge Terrace
Sam,smaron48@devhub.com,414-331-0391,8 Sheridan Terrace
Kareem,kthomton49@yale.edu,575-373-6074,42287 Farmco Way
Penny,pgorsse4a@fda.gov,888-335-4584,58 Tennessee Street
Candi,cdearn4b@mysql.com,951-702-5680,198 Nevada Park
Jessalin,jmessruther4c@kickstarter.com,431-927-7950,918 Rowland Crossing
Armand,amartynka4d@drupal.org,415-938-5785,34 Sugar Pass
Nevsa,nrihosek4e@canalblog.com,456-227-6664,03927 Pleasure Circle
Ciro,clicence4f@mediafire.com,736-170-0529,2 Toban Hill
Octavius,ocaghy4g@godaddy.com,400-332-0378,58 Hovde Drive
Riley,rstandish4h@example.com,588-982-5267,6 Arapahoe Road
Brandea,bchugg4i@posterous.com,102-525-4017,563 Hayes Court
Alethea,agietz4j@mapquest.com,917-181-5725,68 Sutteridge Street
Tyne,tdowker4k@simplemachines.org,837-919-1045,9075 Loeprich Junction
Patrick,pbellfield4l@imgur.com,454-742-9373,6 Hudson Place
Danie,dshorte4m@blogtalkradio.com,669-996-6746,39167 Dahle Hill
Suzy,spull4n@dion.ne.jp,777-599-4715,83 Gulseth Alley
Tedra,tgothliff4o@twitter.com,287-582-3848,9106 Superior Pass
Issie,idummer4p@yahoo.com,410-126-3997,3645 Havey Plaza
Malvin,mwoolf4q@oracle.com,752-750-1326,99932 Veith Terrace
Amie,adjokic4r@washingtonpost.com,620-319-5103,8 Alpine Terrace
Deloris,dgenge4s@lycos.com,194-942-5382,62 Jay Lane
Clementia,cfigin4t@google.pl,697-969-6354,00537 Packers Alley
Hebert,hczaple4u@washingtonpost.com,509-922-4431,98856 Arapahoe Place
Ardelia,aquodling4v@shareasale.com,383-674-6063,863 Northwestern Circle
Nanete,ntrusler4w@disqus.com,142-267-7862,352 Manitowish Road
Hailey,hbortoluzzi4x@hubpages.com,164-105-0848,38 Red Cloud Point
Devon,dnobbs4y@yellowbook.com,890-236-6900,18 Graedel Hill
Constantina,cmusico4z@mlb.com,214-565-0328,92 Cherokee Hill
Lowrance,lchislett50@nyu.edu,726-514-1453,70241 Onsgard Avenue
Raynard,rnajafian51@soundcloud.com,761-405-3693,306 Summer Ridge Way
Rice,rjarman52@github.com,324-783-5631,24142 Calypso Way
Reinhold,rfriedlos53@boston.com,565-795-5304,4 Buell Junction
Nathanael,ncocksedge54@a8.net,447-641-1858,94 Sherman Point
Griffie,gpautard55@delicious.com,952-647-6046,128 Talmadge Alley
Lotte,llearmonth56@bloglovin.com,327-917-4684,22 Grim Point
Humberto,hbyard57@lulu.com,140-516-6448,6 Gateway Road
Taite,tchevins58@epa.gov,802-810-3022,0 Summerview Alley
Lark,lblumson59@de.vu,651-151-8345,053 International Hill
Caspar,coleagham5a@accuweather.com,697-860-7716,98210 Wayridge Trail
Madalyn,mfaley5b@mediafire.com,992-880-3747,52 Rieder Street
Lavinia,lgerg5c@odnoklassniki.ru,995-593-0943,51 Florence Pass
Theodore,tmcsperron5d@unblog.fr,396-677-4960,74700 Mariners Cove Trail
Shane,sbilby5e@epa.gov,468-901-4472,5 Meadow Ridge Alley
Cyndie,cdebnam5f@51.la,473-145-9124,6 Loftsgordon Way
Floyd,fwiltshaw5g@bloglines.com,845-853-0488,6658 Menomonie Hill
Jacqui,jhorche5h@wordpress.com,739-507-0578,70 Gina Terrace
Imelda,ikinsey5i@theatlantic.com,789-338-1839,526 Old Gate Trail
Camilla,cmaliffe5j@si.edu,586-516-3633,847 Laurel Crossing
Zahara,znaris5k@netlog.com,116-846-6803,2 Green Ridge Pass
Nicola,nwallbridge5l@taobao.com,910-961-8840,8368 Jackson Plaza
Pauly,pellington5m@wired.com,180-686-3790,9863 Ramsey Alley
Filberto,fsamarth5n@aol.com,817-470-7184,992 Mallory Alley
Jenn,jbaldock5o@mlb.com,168-294-7697,16 Oneill Way
Maegan,mdobing5p@vistaprint.com,421-222-9836,943 Sunbrook Pass
Marcia,mblastock5q@cnn.com,412-227-2584,766 Forest Run Trail
Ailyn,asoares5r@shop-pro.jp,937-905-9793,8169 Dryden Drive
Goldi,gwisniowski5s@technorati.com,736-429-2214,6 Northview Road
Hatti,harrington5t@hibu.com,299-342-9542,013 Sachs Plaza
Jaquenette,jheggie5u@oakley.com,606-141-5971,1362 Eggendart Plaza
Norina,nschwandermann5v@furl.net,932-435-6271,6 Esker Drive
Lillis,lyegoshin5w@intel.com,789-194-6262,831 Harper Court
Gibby,gheggie5x@ucsd.edu,587-900-8437,24 Basil Drive
Lydia,lfannin5y@sphinn.com,504-665-8817,1 Elka Point
Cortie,cnussen5z@twitpic.com,836-556-8673,3140 Clyde Gallagher Avenue
Lewiss,ljewise60@un.org,713-220-3200,0 Moulton Park
Kristofor,kmaliffe61@earthlink.net,692-669-9151,47979 Bluestem Junction
Elisabet,edailey62@flavors.me,748-404-0568,80353 Golf View Plaza
Elisabeth,etansey63@woothemes.com,124-886-5072,989 Cambridge Parkway
Lonni,lbendtsen64@opera.com,704-606-6518,941 Sachs Plaza
Betteanne,bsalvage65@technorati.com,973-172-4116,07169 Waywood Terrace
Merrick,mzolini66@imgur.com,276-251-7900,6378 Ridge Oak Park
Alica,afasset67@ibm.com,331-603-9868,65729 Monica Pass
Guthrey,gfinnimore68@fda.gov,489-326-5626,556 Elmside Crossing
Kirstyn,kbrompton69@fema.gov,989-976-3348,1 Ridgeway Lane
Barnabas,bkondratyuk6a@vk.com,985-400-2836,54 Bobwhite Center
Stanly,smeriguet6b@godaddy.com,960-827-9850,32 Armistice Lane
Erina,efirth6c@goo.gl,888-449-6204,47 Toban Pass
Bailey,bhornbuckle6d@list-manage.com,420-329-3236,1967 Sullivan Point
Carmelina,cmelville6e@biglobe.ne.jp,705-110-7487,600 Lillian Avenue
Hurleigh,hsemerad6f@wordpress.org,461-972-8577,267 Eagan Crossing
Hillery,hgilardengo6g@jigsy.com,154-950-2207,151 Columbus Trail
Serge,sbernhardsson6h@fema.gov,183-691-6626,132 Kings Pass
Marleen,mmckeating6i@ft.com,717-488-1490,62291 Dovetail Avenue
Kary,kmacnamara6j@mtv.com,690-574-1045,06838 Pawling Junction
Laney,lhainey6k@51.la,641-502-0415,857 Nelson Junction
Chicky,ccartlidge6l@fotki.com,572-958-2160,1979 Jay Road
Nap,nsidle6m@fda.gov,778-916-9292,9 Lindbergh Park
Stearn,sdabrowski6n@creativecommons.org,608-402-7739,50407 Hooker Road
Rab,rmccrackan6o@blog.com,580-574-6928,29 Union Avenue
Crin,chazlewood6p@eepurl.com,805-275-1682,0 Menomonie Pass
Barbe,bhaggeth6q@businessweek.com,465-972-8250,7993 Green Plaza
Ethelred,elightbowne6r@dagondesign.com,319-594-5247,710 Acker Hill
Sherlock,soguz6s@google.co.jp,933-863-2043,84715 Waubesa Street
Kip,khamnett6t@weather.com,694-962-5864,707 Havey Junction
Rollins,rsneyd6u@ebay.co.uk,459-744-2085,414 Kingsford Road
Dallas,dyorston6v@stanford.edu,364-153-4273,82056 Tony Hill
Ellette,epeatman6w@netvibes.com,476-232-6063,20189 Vermont Trail
Sigismundo,srudge6x@buzzfeed.com,201-958-2177,55 Arkansas Hill
Lucila,lmchirrie6y@about.com,146-443-3508,87 Anhalt Street
North,nkesby6z@hubpages.com,956-483-7233,01278 Prairieview Trail
Tanitansy,tjunkison70@mozilla.org,452-510-3211,43 Pepper Wood Parkway
Angie,abalstone71@europa.eu,625-567-7969,494 Basil Lane
Rasla,rreckus72@weibo.com,270-120-2433,52612 Packers Court
Burnaby,bjopson73@skyrock.com,410-931-5305,450 Northwestern Crossing
Velvet,veborn74@bizjournals.com,769-308-1676,4981 Commercial Parkway
Dosi,dbysh75@github.io,896-272-0532,44942 Northfield Plaza
Martina,mthor76@sitemeter.com,948-100-4523,05 Hansons Drive
Freeland,fhakeworth77@tripod.com,267-724-6438,29990 Dexter Avenue
Euell,ehuws78@soundcloud.com,503-272-0319,766 Corben Drive
Chanda,chalwood79@tripod.com,463-835-9237,46622 Ohio Junction
Rustie,rvigne7a@nhs.uk,382-345-2588,2 Anhalt Court
Breanne,bspencers7b@sciencedaily.com,563-772-0852,04040 Melby Drive
Sharai,smckevin7c@columbia.edu,394-761-7238,2167 Lakeland Point
Virge,vdeny7d@clickbank.net,102-192-8921,3748 Surrey Way
Meade,mroome7e@abc.net.au,947-518-7125,1 Susan Junction
Konstance,kmcimmie7f@4shared.com,895-888-5702,1 Messerschmidt Plaza
Phebe,pstainton7g@tripod.com,177-349-1804,6051 Grasskamp Junction
Cortie,carnould7h@thetimes.co.uk,482-862-8771,97 Warrior Terrace
Joanne,jseivwright7i@google.es,600-476-3158,02 Quincy Road
Juan,jbrooksbank7j@uiuc.edu,529-602-0073,3294 Larry Park
Galvin,gbaskeyfied7k@i2i.jp,809-327-1074,3246 Twin Pines Crossing
Jenda,jscarlett7l@washington.edu,464-728-8430,904 Holy Cross Pass
Logan,lsyphas7m@amazon.de,484-427-9448,0 Leroy Trail
Mike,mcowans7n@blogtalkradio.com,188-852-3286,5444 Towne Crossing
Henry,htearney7o@t.co,764-196-6507,649 Algoma Alley
Morey,mreeme7p@cisco.com,461-592-0310,77 Forster Park
Jocko,jfrodsham7q@webeden.co.uk,139-308-0698,263 Nova Street
Graeme,gescalero7r@bing.com,511-142-6885,1476 Northview Drive
Cornie,ctorrance7s@go.com,610-754-2770,1 Novick Drive
Novelia,nklausen7t@goo.ne.jp,962-222-9735,48587 Lerdahl Court
Jared,jockendon7u@t-online.de,327-398-9321,94 Sullivan Terrace
Alina,aselvester7v@java.com,825-842-6421,9 Center Hill
Karlan,kcardus7w@ameblo.jp,415-578-0952,5 Haas Way
Lucille,lmonks7x@apache.org,712-380-2818,39 Monument Park
Anatola,akevis7y@howstuffworks.com,991-711-8827,20463 Lighthouse Bay Place
Jourdain,jskillicorn7z@fotki.com,776-542-5018,06033 Red Cloud Hill
Marven,mshale80@discovery.com,634-114-7756,96278 Boyd Pass
Desiri,dfairfull81@ifeng.com,424-773-3737,635 Crownhardt Crossing
Evelyn,efelipe82@slashdot.org,820-951-0865,37 Miller Road
Weylin,wvela83@ocn.ne.jp,393-324-0279,61698 Jenifer Alley
Vanda,vandriuzzi84@businessweek.com,776-901-4233,50 Sutherland Plaza
Hyacinthe,hpilfold85@fastcompany.com,293-754-0668,7081 Bluestem Circle
Chaunce,cbrimilcombe86@admin.ch,196-688-7245,221 Heath Street
Krystle,kcamosso87@indiegogo.com,168-512-0832,696 Stoughton Pass
Susann,sgason88@engadget.com,287-140-9032,8447 Northview Crossing
Dacie,dwoodruff89@prnewswire.com,608-766-5879,99199 Hermina Way
Harald,hhallad8a@europa.eu,387-231-2900,280 Golf View Plaza
Faulkner,fbarwell8b@latimes.com,509-234-8557,2369 Bartelt Alley
Ole,oaltoft8c@census.gov,632-584-4576,5122 Elmside Way
Laurene,lcowsby8d@cnet.com,639-256-7526,78 Memorial Parkway
Anallese,acotmore8e@tripod.com,171-732-0893,5136 Milwaukee Crossing
Debera,dbearward8f@wordpress.org,418-535-6203,30437 Burning Wood Junction
Toma,thadcock8g@google.nl,536-296-8828,77590 Thackeray Hill
Isadora,ibatthew8h@oaic.gov.au,556-775-9797,12 Kipling Place
Kerr,kstebbin8i@people.com.cn,754-480-2852,1739 Judy Hill
Gerrilee,gbilbee8j@jugem.jp,668-642-2538,03 Fulton Terrace
Juan,jfacer8k@angelfire.com,705-580-5877,55 Dixon Trail
Brandy,bgemlett8l@paypal.com,438-485-4829,29 Linden Circle
Mario,mlorant8m@house.gov,941-413-2614,48790 Bashford Point
Therese,tmosdill8n@hubpages.com,479-750-0668,8 Bunker Hill Place
Jermayne,jvelten8o@amazon.com,389-146-8001,345 Cordelia Trail
Nicholas,ntetther8p@google.com.br,347-415-4841,36678 Columbus Street
Nikolos,nchoake8q@mapquest.com,248-599-4567,45 Cherokee Trail
Sansone,sdrayn8r@imageshack.us,212-640-3478,674 Mifflin Lane
Byron,bkocher8s@pbs.org,682-990-2463,3 Ryan Place
Moore,mgooley8t@simplemachines.org,252-670-4725,3 Continental Way
Nert,ndachs8u@scribd.com,770-735-9929,76 Valley Edge Point
Ethelind,eskone8v@dedecms.com,739-244-7390,10687 Pankratz Street
Charlot,csharpin8w@squidoo.com,257-603-9355,2 Sycamore Terrace
Valenka,vpusill8x@statcounter.com,974-288-1876,26 Carpenter Drive
Pansy,pcampey8y@google.de,986-301-4630,3830 Cody Drive
Livvie,lhanney8z@hatena.ne.jp,483-422-8722,6 Carey Park
Adlai,adeftie90@chicagotribune.com,654-210-7013,0441 Vahlen Lane
Pennie,polerenshaw91@illinois.edu,661-269-1714,10716 Banding Plaza
Anson,awaddoups92@stumbleupon.com,820-732-1237,36 Anniversary Avenue
Charlot,cgendrich93@ft.com,496-484-2920,393 Morning Court
Boycie,bschukert94@apple.com,561-781-5309,7 Debs Way
Kin,kwaiton95@themeforest.net,569-922-6223,22 Pepper Wood Circle
Ethelin,efilyushkin96@multiply.com,905-148-1868,56 Killdeer Parkway
Bernie,bhandsheart97@webmd.com,192-648-8034,97 Mendota Court
Shanta,smichael98@cocolog-nifty.com,161-692-4519,43 Pawling Junction
Moishe,mbrambley99@csmonitor.com,733-229-0893,47744 Holmberg Center
Hillery,hkunat9a@statcounter.com,677-214-5884,4 Wayridge Park
Belicia,bwallbank9b@delicious.com,755-158-1348,28131 Truax Terrace
Kimberley,kmountfort9c@cafepress.com,694-231-1050,466 Dennis Way
Harris,hattwill9d@state.tx.us,425-432-8497,2 Gina Circle
Bunny,bizakov9e@ibm.com,537-592-2479,06931 Cordelia Center
Horatius,hcropper9f@dropbox.com,468-376-7656,08071 Hollow Ridge Hill
Elianora,edurdy9g@cornell.edu,273-694-9526,0 Burning Wood Park
Jonathan,jsawyers9h@odnoklassniki.ru,591-584-8094,6285 Cambridge Drive
Jacquelynn,jpage9i@taobao.com,132-927-1889,682 Swallow Circle
Pace,pgriffey9j@nationalgeographic.com,844-924-0290,3132 Raven Terrace
Patrick,pworgan9k@forbes.com,740-244-3699,5258 Redwing Point
Myra,mocuolahan9l@house.gov,255-365-0274,0 Debra Terrace
Bibbie,bbaal9m@cbsnews.com,343-493-4754,3 Calypso Road
Thedrick,tmenear9n@flickr.com,468-556-5994,795 Hooker Street
Bella,bspadotto9o@cmu.edu,514-218-9061,1 Prairieview Street
Mose,mmushart9p@unc.edu,210-950-5363,66 Pearson Drive
Antonella,ayurinov9q@macromedia.com,603-527-8129,7 Carey Terrace
Dieter,disgate9r@chronoengine.com,479-744-0690,85449 Clyde Gallagher Avenue
Frederico,franson9s@mysql.com,918-720-2123,2403 Kedzie Pass
Carlotta,cklausewitz9t@dmoz.org,685-408-4093,334 Pepper Wood Trail
Almeta,ascholey9u@g.co,666-931-1884,1 Elgar Avenue
Kiele,kcharters9v@spotify.com,808-370-4760,707 Texas Pass
Dulcinea,dbelone9w@ehow.com,697-452-0100,28 Menomonie Park
Celestyn,chusthwaite9x@yelp.com,293-270-2538,437 Glacier Hill Plaza
Kial,kmachon9y@stanford.edu,833-892-3309,77800 Mallard Place
Kylila,klewington9z@bluehost.com,102-425-0679,5 Montana Alley
Goober,gcradya0@techcrunch.com,249-460-7445,0366 Becker Way
Anetta,akiliana1@nature.com,385-125-0229,9 Fordem Center
Tabbatha,troseveara2@slideshare.net,831-230-8848,1 Florence Street
Wyn,wwhitneya3@etsy.com,752-753-6724,259 Maple Wood Way
Gawen,gsabbinsa4@geocities.jp,690-510-6108,52882 Gateway Alley
Orelie,odimonta5@craigslist.org,842-796-6691,35 Vidon Avenue
Tull,thorlicka6@nytimes.com,719-514-3043,599 Chive Avenue
Blancha,bhaizeldena7@booking.com,149-881-2571,9 Dayton Lane
Hasheem,htwiddya8@privacy.gov.au,124-272-1496,93 Hallows Way
Rowland,rdaintrya9@ebay.co.uk,675-238-7312,4 Waywood Crossing
Helen,hjeppsaa@furl.net,891-571-6255,3042 Donald Court
Ginelle,gagneauab@gnu.org,308-639-5092,922 Hoard Court
Emmalynn,ejouannissonac@virginia.edu,173-523-2074,3 Moulton Circle
Blakeley,bdurrantad@smh.com.au,310-205-2437,9 Debra Circle
Judith,jgabitsae@pbs.org,287-390-5952,4 Grayhawk Pass
Garvin,gflowerdenaf@ucla.edu,974-653-8130,3072 Pennsylvania Street
Theresa,teasbyag@bloglines.com,765-753-2088,4379 Sloan Court
Derrik,dlamploughah@mashable.com,571-566-8208,07545 Almo Lane
Alia,ajeannonai@macromedia.com,140-315-4994,8 Mandrake Center
Thornton,tbowleaj@google.pl,779-501-4457,528 Marcy Center
Gaye,glumlyak@ft.com,474-332-7671,24 Mariners Cove Junction
Kit,knathonal@ox.ac.uk,501-574-9097,7 Scofield Road
Rossy,rclitsomeam@unblog.fr,958-145-7230,6 Lake View Road
Jake,jbuckleean@springer.com,959-351-9262,5 Burrows Point
Blythe,bvialsao@ehow.com,712-167-3788,70365 Jenifer Point
Everard,ebecerilap@alexa.com,532-375-4052,747 Cardinal Drive
Donnamarie,dlinnyaq@arizona.edu,293-354-9885,11 Express Junction
Woodman,wjermeyar@chicagotribune.com,407-773-7356,748 Hudson Drive
Seana,sbautisteas@npr.org,418-567-2300,4 Lake View Alley
Shaine,sskoughmanat@theglobeandmail.com,668-928-2316,309 Rigney Pass
Raye,rbaseggioau@barnesandnoble.com,629-859-9781,43 Vidon Circle
Giffy,gstoopav@google.fr,599-128-3780,10 Farragut Circle
Renato,ryurlovaw@amazon.com,456-735-2844,37 Waywood Drive
Aloisia,aewanax@miitbeian.gov.cn,125-161-0805,354 Arkansas Drive
Cecil,cbennay@loc.gov,572-668-7402,9472 Rusk Drive
Eydie,ecattonnetaz@phoca.cz,424-350-8945,01 Arrowood Hill
Idelle,idibaudib0@home.pl,619-864-8813,615 Crownhardt Parkway
Rivi,rmenpesb1@purevolume.com,145-616-8228,266 Cherokee Lane
Raleigh,rbenoistb2@jigsy.com,292-234-2295,96 Vidon Pass
Sergeant,sigounetb3@is.gd,470-974-0777,76607 Ridgeway Trail
Glory,gcoghlinb4@bbc.co.uk,491-855-3416,83489 Di Loreto Trail
Della,dmogfordb5@mail.ru,172-758-2560,81615 American Ash Hill
Arron,abraimeb6@nyu.edu,941-700-3112,75 Northfield Pass
Glynn,gborgarsb7@unc.edu,366-172-6322,1 Homewood Lane
Orson,oohanessianb8@google.com.br,775-751-3422,720 Red Cloud Parkway
Tanitansy,tdominicob9@github.com,269-939-6245,404 Arkansas Crossing
Ewell,emcvaughba@businessweek.com,251-690-0065,5 Pond Plaza
Leeanne,lpittfordbb@cmu.edu,158-646-3658,08874 Mallard Way
Dorthea,durwinbc@engadget.com,295-184-4486,7507 Melvin Hill
Kurtis,kstoeckbd@storify.com,919-109-6304,82647 Banding Parkway
Christean,cgoggenbe@uol.com.br,800-411-7977,442 Valley Edge Hill
Odelinda,otaborrebf@fotki.com,709-328-6247,42997 Linden Alley
Elisabetta,ekiddeybg@flickr.com,919-479-3246,1 Becker Parkway
Shurlock,sgiamuzzobh@army.mil,738-799-0085,4113 Kinsman Plaza
Sherlocke,sinchanbi@gravatar.com,985-538-0509,4 Kinsman Terrace
Florella,fcaushbj@moonfruit.com,623-315-1821,636 Red Cloud Park
Dorie,dmatitiahobk@jimdo.com,758-688-7079,71 Lawn Place
Woodrow,wthamsbl@statcounter.com,702-607-1749,79417 Golf View Court
Ruthann,rdailebm@opera.com,250-930-8005,73815 Sutherland Alley
Rosmunda,rnorvelbn@huffingtonpost.com,714-696-9534,260 Vermont Circle
Veronique,vclearybo@posterous.com,562-348-6595,0067 Ryan Court
Fritz,fflippellibp@google.co.uk,306-709-9960,41 Maple Trail
Ara,aralestonbq@illinois.edu,468-561-4311,4454 Sutherland Center
Gerianna,gwabersichbr@bandcamp.com,315-317-4156,5 Havey Trail
Dionysus,dgainforthbs@techcrunch.com,425-111-8598,85509 Blackbird Court
Shelley,slongthornebt@csmonitor.com,768-638-0478,26036 Pierstorff Place
Kearney,ksmeedbu@edublogs.org,824-630-1624,21573 Randy Point
Janis,jrunnallsbv@phpbb.com,227-172-8557,8 Main Court
Ronda,rmogridgebw@aol.com,819-856-0454,9501 Vermont Lane
Cordie,ccatanheirabx@youku.com,511-908-7756,8287 Ronald Regan Road
Ricardo,rscottingby@ovh.net,549-134-3872,8 Hayes Circle
Bram,blandabz@nhs.uk,224-949-2708,9 Anderson Alley
Tymon,tjanikc0@wix.com,545-746-8926,50 Browning Trail
Jeannine,jhufferc1@clickbank.net,991-760-6782,05 Reindahl Pass
August,aaddekinc2@amazon.de,496-798-3603,61 Iowa Avenue
Yetty,yclancyc3@hostgator.com,165-766-3850,11196 Old Gate Plaza
Agata,amcgraithc4@wp.com,375-871-4775,78426 Melrose Place
Xena,xeliesc5@quantcast.com,617-789-8271,2 Brentwood Circle
Aurlie,acheckleyc6@behance.net,175-957-2860,725 Cherokee Court
Austen,aheighwayc7@csmonitor.com,300-692-3319,221 Clemons Alley
Marylynne,molehanec8@ucsd.edu,474-297-4966,84750 Coolidge Avenue
Giulietta,gunwinc9@technorati.com,564-884-2595,92 Spenser Junction
Georgetta,glorrainca@nifty.com,232-351-0166,661 Daystar Circle
Vivia,vmitchinercb@cnbc.com,743-630-7478,81683 Hoepker Place
Jared,jscawncc@blog.com,607-568-5512,74595 Carberry Hill
Carmen,credishcd@globo.com,798-605-7083,107 Loomis Junction
Viviyan,vselbachce@chronoengine.com,559-888-7435,97 Merchant Junction
Lorrie,ldineencf@washingtonpost.com,614-860-1856,075 Myrtle Pass
Forest,fmcinteecg@imageshack.us,836-955-6510,867 Burning Wood Circle
Querida,qspaciech@accuweather.com,343-212-3054,60443 Farragut Place
Harriot,hlapworthci@homestead.com,591-179-5124,6 Westridge Center
Beverlee,bcurwencj@thetimes.co.uk,446-363-3284,256 Miller Alley
Ann,aabsonck@arstechnica.com,763-243-9437,84055 Red Cloud Circle
Grant,gpringellcl@live.com,340-833-6284,97475 Moland Hill
Kyle,kwallikercm@nih.gov,959-761-6102,61 Meadow Vale Parkway
Charmian,csebrightcn@desdev.cn,474-560-7967,24 Moland Crossing
Petra,peadyco@cnbc.com,842-467-7045,55816 Mallory Parkway
Maison,mfaggecp@bbc.co.uk,936-895-9571,44898 Ohio Hill
Mattie,msebrookcq@indiatimes.com,153-845-3228,8983 Express Circle
Leland,lbumfordcr@imageshack.us,867-228-0857,488 Schiller Terrace
Erena,ehedgecockcs@irs.gov,498-276-8892,5720 Bunker Hill Junction
Cammy,csewardsct@cbsnews.com,260-627-3009,3 Bonner Trail
Kori,kkrautcu@paginegialle.it,973-757-7228,84610 Ridgeway Trail
Harper,hnutbeancv@printfriendly.com,242-207-4382,42371 Fisk Trail
Zacharias,zcantucw@webmd.com,359-707-8652,2302 Spaight Way
Katleen,kstrafencx@timesonline.co.uk,306-255-0067,8 Anzinger Trail
Tandy,tgonnincy@stumbleupon.com,518-658-0453,266 Grover Alley
Maximilien,mcavillcz@dagondesign.com,586-147-9356,619 Bunting Terrace
Jarib,jebblesd0@meetup.com,466-279-5755,661 Eggendart Hill
Raddie,relmhirstd1@seesaa.net,628-514-4746,0994 Northwestern Court
Cammie,cninnisd2@hexun.com,972-455-0431,0871 Kim Alley
Tiff,tpumphreyd3@blogspot.com,650-256-0351,23128 Farwell Hill
Dorise,dterrelld4@is.gd,319-971-7679,6 Haas Plaza
Franni,fbroomhalld5@bing.com,478-834-6532,00551 Schurz Way
Rutger,rperagod6@archive.org,117-532-7510,4 Vera Hill
Jenine,jprofitd7@blogger.com,584-879-3428,65 Redwing Road
Chery,cfahrenbacherd8@squarespace.com,508-960-0983,185 Acker Place
Jourdain,jfarthingd9@livejournal.com,257-813-8224,34396 Fieldstone Drive
Frazer,flewintonda@apache.org,606-285-0196,92 Judy Circle
Dorelle,dlukashdb@google.com.br,892-953-8042,02 Banding Park
Lindsey,lradmoredc@ed.gov,732-956-7675,366 Clarendon Way
Florri,fscotcherdd@booking.com,505-743-4319,723 7th Junction
Ax,amcmonniesde@flickr.com,549-951-2136,31 Brown Point
Lorelei,lalessandrettidf@washington.edu,866-695-6986,86 Mccormick Pass
Gan,gaberkirderdg@dyndns.org,592-503-8809,8970 Clarendon Pass
Chantal,cpoyntondh@adobe.com,350-834-7118,758 Becker Terrace
Kirk,kbowlingdi@furl.net,244-363-0930,89 Westend Circle
Brnaby,bquindj@mozilla.org,449-850-9370,96 Iowa Lane
Lola,lhutchingesdk@tripod.com,123-411-1445,62 Dennis Road
Townsend,tbealdl@vk.com,487-481-3053,92135 Ruskin Circle
Bunny,brilstondm@skype.com,703-303-6893,5 Sachtjen Lane
Dredi,dmcmurraydn@hugedomains.com,733-852-7424,3 Homewood Alley
Robyn,rashboltdo@icq.com,977-542-0499,83 Charing Cross Street
Milty,mwalronddp@virginia.edu,679-554-3177,96328 Cordelia Pass
Whitman,wsanziodq@pinterest.com,238-288-7853,2 Mendota Circle
Catharine,crutleydr@cam.ac.uk,539-812-5923,74239 Daystar Crossing
Elnora,emewrcikds@yolasite.com,486-353-7432,33 Green Ridge Crossing
Jerry,jputtrelldt@etsy.com,382-384-6401,72 Maple Wood Parkway
Dalston,dyakunkindu@whitehouse.gov,513-605-2064,470 Tomscot Avenue
Kingsly,kzamboninidv@altervista.org,522-916-3743,563 Buell Drive
Glory,gmurselldw@weebly.com,610-137-4658,179 Toban Trail
Ben,bleithdx@youtube.com,769-135-1369,23416 Goodland Drive
Ryann,rkaindy@shinystat.com,361-294-8732,6 Mccormick Parkway
Pavlov,pcompsondz@homestead.com,976-541-3382,72074 Packers Junction
Nike,ndacostae0@shop-pro.jp,820-867-4087,609 Roth Lane
Raeann,remersone1@google.ca,528-822-2215,27264 Fair Oaks Alley
Sherlocke,svisee2@si.edu,938-685-0451,24636 Oneill Plaza
Matthiew,mmiddleditche3@yandex.ru,877-208-7789,99 Marquette Road
Reginauld,rizhakye4@sitemeter.com,966-981-8946,37 Londonderry Court
Charleen,csalvadoree5@umn.edu,887-164-7069,89220 Sugar Trail
Ax,atethacote6@webmd.com,756-457-1663,79302 Rigney Pass
Samuele,stanzere7@nydailynews.com,787-117-3661,95813 Fremont Circle
Elyn,eshreenane8@wisc.edu,750-156-9863,59741 Southridge Drive
Valaree,vheningame9@seesaa.net,272-560-3136,7442 Dorton Drive
Darline,dnorquayea@w3.org,231-665-4700,910 Randy Parkway
Lynett,ljenkingeb@upenn.edu,548-477-1220,79623 Norway Maple Park
Arel,astandingec@google.co.jp,522-490-0737,7 New Castle Junction
Reid,rmilkehamed@dagondesign.com,894-592-6017,62193 Eliot Pass
Gae,geddisonee@bigcartel.com,124-466-8448,363 Alpine Point
Bradney,bberteletef@ask.com,587-626-2659,4 New Castle Park
Jacinthe,jheddyeg@ocn.ne.jp,917-535-1279,86018 Hauk Crossing
Gabriel,geameseh@merriam-webster.com,100-567-0459,98 Grover Street
Elenore,ecabralei@slideshare.net,925-894-1455,197 Beilfuss Terrace
Nickolaus,nizatsonej@java.com,272-262-9922,057 Duke Junction
Sayre,smechicek@eepurl.com,793-461-7773,9 Onsgard Pass
Kirsti,kgrishenkovel@de.vu,346-208-7886,8 Thompson Park
Randy,rcaneroem@de.vu,851-750-2480,0 Melrose Center
Blondy,bpapezen@example.com,436-825-8322,347 Golf Way
Harriot,hbrashereo@amazon.com,875-173-0627,53986 7th Drive
Bern,bisaacsep@fda.gov,487-481-5761,6459 Lyons Alley
Karlis,kpoxtoneq@imdb.com,810-497-4442,284 Derek Plaza
Lizzy,larrowsmither@sina.com.cn,735-414-7177,0273 Autumn Leaf Court
Talbot,tferrases@pagesperso-orange.fr,616-370-7139,8863 Superior Lane
Jackquelin,jgladbecket@shop-pro.jp,545-555-0615,6 Lyons Way
Arda,amaxstedeu@photobucket.com,284-646-4444,12139 Cottonwood Road
Perice,pkilroyev@ucsd.edu,315-727-5563,909 Merry Drive
Parnell,pcromeew@deviantart.com,570-404-6878,7 East Road
Stevy,salgyex@reuters.com,253-346-9485,79 Schlimgen Way
Penni,pdibernardoey@fastcompany.com,533-271-1199,211 Vermont Center
Abner,aclemensonez@nature.com,672-444-3671,18438 Maple Drive
Alina,ahynesf0@google.nl,840-461-5077,0463 Boyd Crossing
Savina,syersonf1@t-online.de,802-191-5531,1 Atwood Point
Chiquita,cechalierf2@ustream.tv,469-983-8708,6134 Sutherland Park
Korrie,kweatherleyf3@nymag.com,522-893-5881,634 Alpine Court
Lorenza,lreamsf4@cafepress.com,676-624-0277,3043 Petterle Road
Geoffrey,gtollmachef5@altervista.org,711-445-7093,87691 Colorado Crossing
Courtney,cdecortf6@ebay.com,705-916-5999,2266 Maryland Avenue
Giuseppe,gliveleyf7@marriott.com,203-180-4697,2009 Loeprich Junction
Maribel,mpepperellf8@desdev.cn,833-694-7159,5 8th Court
Duane,dbreachf9@blogger.com,685-804-0296,207 John Wall Alley
Patten,ppiscopellofa@economist.com,834-666-2880,57 Macpherson Point
Althea,alorkinsfb@123-reg.co.uk,992-344-4859,68496 Forest Run Crossing
Klara,kmulderfc@webeden.co.uk,804-793-4593,970 Crest Line Court
Zack,zmoensfd@goo.gl,664-914-7790,6 Hollow Ridge Pass
Sadie,scampionfe@seesaa.net,327-975-7898,8 Messerschmidt Plaza
Torey,tchasteyff@washingtonpost.com,503-111-1811,60074 Alpine Road
Cal,ckrinksfg@t.co,292-282-7821,23688 Oriole Street
Garek,gscrippsfh@mysql.com,736-540-7115,55671 Sherman Center
Salvidor,stattersdillfi@cyberchimps.com,133-926-5378,84952 Barnett Drive
Jeanna,jwestcottfj@gov.uk,403-664-5442,2 Swallow Street
Drusilla,drazouxfk@ox.ac.uk,237-972-5326,5 Scofield Avenue
Chrystel,cmcpaikfl@nifty.com,351-872-7543,5160 5th Terrace
Conny,cfancuttfm@yolasite.com,843-322-1311,9779 Pepper Wood Avenue
Ede,eglowinskifn@craigslist.org,767-684-7092,04 Iowa Plaza
Leontine,lgornerfo@theatlantic.com,507-961-8056,99062 Blaine Pass
Barbaraanne,bhenworthfp@youtu.be,122-839-5134,140 Morrow Avenue
Mackenzie,mrodingerfq@indiatimes.com,549-117-1884,26201 Southridge Alley
Gus,gderuggerofr@cnet.com,742-863-0000,32714 Susan Point
Susy,soheffernanfs@ca.gov,887-327-4381,490 Linden Alley
Rand,rkatzft@pen.io,745-281-3134,2 Roth Pass
Mechelle,mwreyfu@dmoz.org,495-749-2546,2 Towne Terrace
Kaitlin,kpettyferfv@myspace.com,376-926-0064,63832 Northwestern Drive
Willie,wvasyaninfw@blog.com,774-476-7006,60504 Dapin Road
Osborn,oblaisefx@skype.com,432-684-2813,2397 Merrick Street
Toiboid,tsneezemfy@icq.com,545-751-6992,26 Sunnyside Crossing
Egor,esamsworthfz@blogspot.com,992-322-8441,6 Debs Court
Katrinka,kmcelreag0@tuttocitta.it,534-356-7437,64139 Fuller Pass
Carling,cocrevang1@state.gov,863-773-0162,43667 Oriole Lane
Keelia,kwipflerg2@jiathis.com,589-915-9262,68 Tennessee Parkway
Sasha,sgregong3@bbb.org,711-719-1267,7868 Hintze Street
Joey,jbalogg4@columbia.edu,386-708-7998,71 Caliangt Pass
Pattin,prawdallg5@examiner.com,861-661-4965,0 Valley Edge Street
Moria,mcooleyg6@fda.gov,969-813-4092,1314 Morningstar Crossing
Shanan,svannig7@si.edu,481-799-9372,8 Artisan Hill
Danya,drubing8@jalbum.net,811-794-7725,07569 Chive Way
Garek,gminetteg9@pagesperso-orange.fr,217-759-6822,727 Shasta Circle
Tully,taspinwallga@google.it,366-978-9050,8 Little Fleur Place
Quintana,qcoskergb@behance.net,802-657-7388,4 Springs Court
Cate,cnormanvillgc@google.com.br,217-598-9533,32489 Portage Center
Hortensia,hmaruskagd@sourceforge.net,181-231-5431,16 Hoepker Trail
Wileen,wdivillge@pinterest.com,147-520-1472,9151 Esch Hill
Stearn,sbunstonegf@prweb.com,530-486-3547,26664 Golf View Terrace
Stacy,sgaspargg@people.com.cn,431-422-7559,28189 Stone Corner Point
Dorrie,dpigottgh@hao123.com,954-833-0091,04 Northridge Park
Ernesta,ehaulkhamgi@constantcontact.com,498-430-2056,21838 Vidon Way
Tillie,tsaundersgj@blogger.com,252-312-9275,6 Twin Pines Place
Marris,mavrahmgk@nydailynews.com,648-247-4474,26946 Ronald Regan Junction
Erda,eprengl@wordpress.com,114-336-3993,9003 Surrey Plaza
Gates,gblockeygm@ucoz.com,852-814-1061,00 Morningstar Drive
Lexine,ldeguegn@vimeo.com,627-551-0080,9 5th Junction
Meredeth,mfilippozzigo@shareasale.com,199-857-3626,156 Lakeland Parkway
Tyrone,tbelfordgp@jiathis.com,173-342-4836,6 Scoville Hill
Devonna,dberrigangq@prnewswire.com,668-661-9221,21 Glendale Hill
Thibaud,tmackailegr@aboutads.info,450-177-5189,22584 Montana Lane
Allsun,atripletgs@last.fm,515-754-9382,9 Farmco Pass
Sandye,sroddergt@seesaa.net,834-620-1495,076 Hanover Pass
Nevin,nluckeygu@disqus.com,795-867-1694,201 Dunning Junction
Kyle,ksedworthgv@nymag.com,967-150-0802,181 Marcy Drive
Lay,lphittiplacegw@columbia.edu,509-119-4772,4343 Sommers Parkway
Lorry,landreottigx@oakley.com,858-429-3749,49 Grayhawk Junction
Theo,tbradfordgy@gmpg.org,788-794-9558,9 Lakewood Junction
Morna,mklainmangz@arstechnica.com,294-150-9903,731 Caliangt Lane
Raffarty,rblumsonh0@amazon.co.uk,476-793-8440,0 Kensington Parkway
Murvyn,mabbish1@github.io,571-661-0982,45392 Anzinger Point
Anabel,adaneth2@china.com.cn,573-823-7386,2481 Hauk Hill
Bernardine,bgariffh3@washingtonpost.com,945-241-5170,38 Westend Road
Merrie,mbeaginh4@wiley.com,174-528-2172,90 Kings Hill
Peg,pgladtbachh5@google.co.uk,457-627-4928,36 Fisk Court
Nike,nrubinowh6@squidoo.com,377-451-6325,7364 Delladonna Alley
Jermain,jwrightsonh7@yellowpages.com,283-679-7305,77 Homewood Pass
Rhody,rrochellh8@marriott.com,293-802-5193,56898 Eggendart Way
Nickey,nwyrillh9@ft.com,625-425-1792,90 Warbler Court
Wilone,wfearneyha@i2i.jp,882-662-3924,61696 Butternut Terrace
Rolland,rpeepallhb@delicious.com,213-859-8593,0 Farwell Drive
Waylon,wmatthewhc@businessinsider.com,451-679-8069,188 Merrick Drive
Morlee,mfairfoullhd@bigcartel.com,111-780-4390,8316 Lyons Point
Joshuah,jjerromeshe@bandcamp.com,437-213-3251,73 Logan Hill
Amandi,afullagarhf@indiegogo.com,405-293-3856,540 Anniversary Point
Agnesse,aashlinhg@digg.com,136-445-1857,4 Kim Hill
Sharona,sfryhh@miibeian.gov.cn,462-377-6234,842 Hansons Drive
Sophie,skilnhi@blogs.com,116-727-0824,00382 Vernon Junction
Pammi,ppieteschhj@mozilla.com,976-117-8306,700 Raven Crossing
Bryanty,bgoodingshk@baidu.com,143-511-9244,99868 Moose Avenue
Ilysa,icandishhl@usgs.gov,416-112-0488,55 Paget Court
Edita,estandbrookehm@joomla.org,771-270-2002,6093 Kingsford Court
Libby,lebankshn@ucsd.edu,228-532-0539,46 Buell Parkway
Eugenie,erolfho@wunderground.com,956-727-2580,96 Corscot Avenue
Mathian,mblazeyhp@ibm.com,180-496-5613,3 Springview Drive
Charmane,cgiamuzzohq@reuters.com,936-213-1145,87 Iowa Park
Edith,ewaddellhr@arizona.edu,936-596-6391,67 Hauk Trail
Druci,dalleburtonhs@woothemes.com,802-120-4310,450 3rd Plaza
Dorri,dgillimghamht@ehow.com,213-207-3346,0 Mcbride Park
Fara,frotherhamhu@nydailynews.com,927-734-9479,631 Orin Park
Kriste,ksouterhv@timesonline.co.uk,338-437-2346,24 Raven Trail
Aloise,ascrancherhw@geocities.com,143-471-7910,1304 Reinke Parkway
Jillie,jguiduzzihx@purevolume.com,104-310-7688,131 Merchant Lane
Renault,rcuseckhy@dedecms.com,771-305-1209,8 Memorial Plaza
Karoly,kscuffhamhz@t-online.de,262-148-7547,83 Goodland Trail
Claudianus,clengthorni0@1688.com,213-212-3613,859 Elmside Park
Derby,dmcclayi1@quantcast.com,561-220-7513,8 Maywood Alley
Powell,plarwayi2@diigo.com,456-281-9479,92 Forster Road
Lita,leskelli3@scientificamerican.com,157-740-3117,868 Annamark Lane
Bettina,bkunci4@ox.ac.uk,985-508-3042,2817 Bashford Place
Delilah,dbarrowcloughi5@is.gd,339-661-8796,41 Northview Park
Beau,bdehmeli6@forbes.com,533-204-3279,83240 Dawn Place
Mercedes,mmarshalli7@chron.com,331-415-7399,0 Cherokee Center
Davidde,dgodlyi8@csmonitor.com,782-490-8864,79105 Bowman Junction
Hamilton,hpressdeei9@taobao.com,601-310-4673,91 Scofield Avenue
Sallyanne,sleallia@ftc.gov,233-873-4697,0085 Dunning Point
Doris,dpolamontayneib@oakley.com,844-786-8127,8 Pearson Park
Reynold,rvaninic@github.io,271-402-2889,935 Merchant Parkway
Gael,gbykid@i2i.jp,603-661-8943,8680 Nobel Hill
Flori,fmasoie@amazon.co.uk,268-547-0595,0 Maple Parkway
Meridel,mtackif@imgur.com,361-839-4452,357 Village Terrace
Antoni,arabbittig@china.com.cn,504-954-2269,684 Golden Leaf Junction
Harland,hkruseih@psu.edu,308-137-3216,4 Stephen Street
Kirstyn,koxxii@baidu.com,717-817-9499,5547 Kenwood Terrace
Marje,mhaineyij@ycombinator.com,241-942-8616,030 Elka Circle
Hildegaard,hcausnettik@dot.gov,762-878-2566,5869 Little Fleur Lane
Myrna,mfinkil@wired.com,695-220-6758,791 Merry Crossing
Gerhard,gmendusim@naver.com,632-269-2092,66264 Farragut Plaza
Othello,omardlein@geocities.com,696-825-1889,8 Mcguire Lane
Reeta,rpulestonio@scribd.com,873-478-2659,1 Rieder Point
Giustina,gdysartip@ebay.co.uk,453-517-3570,80413 Hoepker Court
Tedie,tmccallamiq@squarespace.com,414-696-2315,5 Oak Valley Way
Ignace,icrowestir@uiuc.edu,376-768-9796,800 Gulseth Crossing
Germain,ggabitesis@stanford.edu,164-384-8953,09 Glendale Drive
Edy,eodempseyit@phoca.cz,543-509-0628,75650 Golf Point
Chlo,calkeriu@bbc.co.uk,368-236-6420,23 Helena Avenue
Rayna,rbentinckiv@oakley.com,767-456-3144,8 Dayton Parkway
Darcy,dhatryiw@lycos.com,796-721-2868,69674 Warrior Point
Lief,lbrennenix@alibaba.com,481-966-7986,7 Laurel Pass
Wilmette,wkybirdiy@jimdo.com,481-162-6708,52 Welch Plaza
Hamid,hdunbariz@tripadvisor.com,279-237-1825,628 Messerschmidt Road
Woodman,wbockmanj0@google.pl,799-780-5709,8058 Karstens Road
Benjamen,bmatthewmanj1@dedecms.com,458-852-7516,5 Loeprich Avenue
Griswold,gsmeesj2@reddit.com,704-804-4991,83 Sullivan Junction
Tommy,tpaxefordj3@list-manage.com,103-453-3688,0764 Rusk Road
Jackquelin,jbuerj4@theguardian.com,493-832-3574,23112 Chive Park
Jeremie,jiannielloj5@aol.com,893-218-7950,0 Prairie Rose Center
Hurleigh,hdunleyj6@macromedia.com,211-346-1319,61 Hallows Park
Jourdain,jpickersailj7@printfriendly.com,614-850-6772,4199 Cottonwood Street
Lianna,lwindressj8@salon.com,963-731-7664,567 Hoffman Hill
Silvana,sconiamj9@google.com.hk,909-910-7653,247 Del Sol Plaza
Adrien,agianja@tinypic.com,773-171-2276,10 Aberg Center
Jacki,jkinninjb@squarespace.com,876-546-7380,7282 Kennedy Point
Adelind,ataconjc@last.fm,150-205-1655,474 Village Point
Janey,jwinspearejd@columbia.edu,998-350-0134,86 Becker Park
Nollie,nizodje@sciencedirect.com,809-423-4513,4 Norway Maple Junction
Carrissa,ceckhjf@chicagotribune.com,641-719-2907,86 Roxbury Road
Boonie,blammimanjg@delicious.com,936-859-1687,52 Hoffman Drive
Sid,ssamsinjh@bloomberg.com,462-794-9441,8 Ruskin Road
Andrew,asheppeyji@baidu.com,149-813-3298,4 Arrowood Crossing
Darb,dalkinsjj@uiuc.edu,843-211-9440,30237 8th Park
Roderich,rshawdforthjk@a8.net,501-696-3440,3 Harbort Parkway
Tish,tbassinghamjl@cnn.com,159-970-3097,73000 Hayes Center
Roby,rtuitejm@alexa.com,215-457-7231,87 Meadow Valley Hill
Sayre,scrannagejn@dagondesign.com,144-307-8511,7 Helena Park
Katleen,kkirdschjo@uiuc.edu,879-336-1574,1 Mcbride Way
Maryjane,mneubiginjp@nifty.com,135-645-1918,284 Westend Court
Thorstein,tjouanninjq@yellowpages.com,290-902-4669,64126 Oriole Hill
Bernete,bchallenerjr@ehow.com,789-872-1130,3 Bunting Alley
Gaven,gtrudejs@nymag.com,554-494-4648,86508 Chive Parkway
Olenka,onewbeginjt@timesonline.co.uk,290-472-2183,70 Pennsylvania Road
Gasper,ggrzegoreckiju@blogtalkradio.com,355-427-1721,471 Butterfield Point
Fonz,ftabnerjv@mit.edu,467-759-3928,6 Schurz Way
Carmita,ceariejw@bloglines.com,947-518-7091,05 Corben Trail
Carrissa,cmereweatherjx@cpanel.net,728-636-2373,5168 Weeping Birch Plaza
Josephine,jchessmanjy@craigslist.org,230-624-0253,938 Johnson Drive
Audy,avirrjz@ucsd.edu,107-141-2841,1131 Dwight Hill
Fay,fjirusekk0@csmonitor.com,185-845-9042,58 Kings Street
Violetta,vparduek1@thetimes.co.uk,913-311-4417,19670 Aberg Court
Buffy,beberlek2@princeton.edu,148-593-5616,365 Shopko Court
Glenn,gkitherk3@yahoo.com,271-654-4863,023 Cottonwood Terrace
Alfy,ahamlynk4@auda.org.au,419-190-6762,959 Loomis Terrace
Talyah,tpalfreyk5@msn.com,825-884-5050,8355 Riverside Park
Domeniga,dmiddask6@nbcnews.com,461-312-3302,54 West Trail
Brady,bmeakingk7@umn.edu,566-869-1448,73 Manley Alley
Kathryn,krigtsk8@google.co.uk,378-435-3197,1 Doe Crossing Street
Whitby,wpipkink9@cmu.edu,393-530-0543,04 Chive Street
Stanton,spittockka@reference.com,710-294-0365,32 Artisan Point
Darin,dspoorskb@rambler.ru,245-607-7872,48098 Ilene Drive
Rey,rpomfreykc@home.pl,572-335-7356,834 Lillian Pass
Trip,tborzonikd@gnu.org,825-167-8174,606 Bay Point
Woodie,wlanneyke@wunderground.com,200-177-1417,4799 Twin Pines Terrace
Ambrosio,agrishaevkf@ycombinator.com,831-249-1701,73133 Elmside Park
Ysabel,ythunnercliffekg@yahoo.co.jp,940-454-8606,4269 Debs Alley
Kalila,kjephcottkh@google.com.br,251-949-9706,5199 Spohn Crossing
Nikolos,ncrummeyki@ox.ac.uk,295-183-9294,36891 Truax Drive
Melesa,mbrannonkj@wordpress.org,610-250-3697,289 Killdeer Junction
Karon,ktredgetkk@list-manage.com,155-219-1583,6 Merry Junction
Pinchas,pfeveryearkl@woothemes.com,182-985-1445,2148 Schmedeman Pass
Carmel,ckertonkm@hibu.com,153-644-8339,28 Hazelcrest Junction
Farley,fwoolwaykn@skype.com,920-572-8846,045 Shelley Hill
Midge,mkliementko@google.it,657-545-9516,6320 Vernon Parkway
Pancho,pmantrupkp@1688.com,677-218-4191,6942 Blaine Avenue
Elroy,emulcahykq@bbb.org,471-861-4937,276 Green Ridge Plaza
Friedrich,fcronkr@noaa.gov,244-351-8428,11 Kropf Pass
Devlin,dgladmanks@freewebs.com,385-847-8859,1967 Haas Street
Ruthanne,rcantikt@example.com,899-330-1361,6501 Dottie Junction
Nicky,nkinaneku@1688.com,600-855-0006,76 Shasta Hill
Merrili,msharramkv@naver.com,476-356-3730,8916 Bunting Drive
Krissy,kflattkw@bravesites.com,139-319-1560,8365 Talisman Parkway
Heath,hsitlingtonkx@ning.com,656-807-8721,2 Aberg Point
Carine,ckerswellky@wikipedia.org,759-187-0881,060 Buhler Terrace
Claudell,cmcbrydekz@bloglovin.com,687-142-5410,6511 Manufacturers Plaza
Sidoney,sweeksl0@g.co,780-495-2942,44 Dottie Circle
Ronna,rstockowl1@google.fr,220-755-5548,01 Artisan Parkway
Arni,ajanningl2@buzzfeed.com,354-385-4608,8 1st Avenue
Nye,nsporgeonl3@unblog.fr,419-296-1715,17 Sunfield Circle
Marlena,mtumbeltyl4@umich.edu,331-896-4608,1813 Summer Ridge Park
Pia,pmoffatl5@dyndns.org,567-354-4824,23 Rutledge Road
Brigitte,bcattinil6@usgs.gov,536-998-3573,99 Lawn Lane
Teri,tyvensl7@tinyurl.com,972-464-8797,885 Mesta Park
Jori,jbrankleyl8@acquirethisname.com,942-762-5772,99997 Summer Ridge Pass
Nissie,nsedcolel9@goo.gl,991-655-0247,30798 Sommers Alley
Thea,tmccallumla@mediafire.com,887-183-5258,9293 Mifflin Plaza
Jonis,jcaudlelb@army.mil,733-512-3877,95 Fuller Park
Aleta,adasparlc@blogs.com,536-669-3530,72 Mitchell Center
Bee,bcecchetellild@unblog.fr,426-183-7678,28273 Rutledge Court
Jolene,jjeffreyle@cyberchimps.com,189-853-0089,7658 3rd Center
Haily,hrainsdonlf@ucla.edu,710-533-6709,86 Packers Parkway
Raviv,rgristocklg@accuweather.com,211-231-0323,49656 Onsgard Point
Angil,arusslh@dagondesign.com,648-528-4409,95333 Onsgard Center
Padraic,pmatteili@issuu.com,757-790-7467,8 Anniversary Park
Darb,djuaneslj@sciencedaily.com,211-278-1183,3310 2nd Plaza
Indira,iavraamlk@google.pl,356-767-9800,0 Clarendon Way
Garvy,gpadberryll@bbc.co.uk,711-674-3285,829 Scoville Street
Viva,vkardoslm@dell.com,670-187-9753,723 Daystar Hill
Adelbert,acutillln@soup.io,817-670-0300,65 Waubesa Junction
Melli,msantellolo@comsenz.com,819-737-6415,52 Huxley Terrace
Tedmund,tcanetlp@hao123.com,989-220-8281,8169 Sunfield Drive
Jyoti,jdemkelq@jigsy.com,460-787-5975,541 Hauk Court
Flin,froullierlr@netscape.com,175-229-3967,13 Lakewood Gardens Road
Nehemiah,noflavertyls@wunderground.com,911-133-3007,34067 Fordem Street
Raviv,rkeyserlt@businessweek.com,658-230-1061,7 Del Sol Parkway
Cherice,cbraitlinglu@state.tx.us,317-242-5484,117 Mccormick Terrace
Clyde,cmorradlv@phoca.cz,405-440-6064,547 Logan Crossing
Randene,rdealeylw@sina.com.cn,813-831-5077,28052 Jenna Pass
Gawain,greedlx@oaic.gov.au,286-457-3741,71 Onsgard Way
Cybill,codoireidhly@bizjournals.com,601-114-3363,17243 Schurz Point
Chris,ccurringtonlz@fema.gov,976-414-0447,503 Tomscot Hill
Hilda,hdawidm0@bloglovin.com,290-397-1901,95611 Pankratz Avenue
Bernita,bmundwellm1@utexas.edu,256-585-3806,121 Waxwing Drive
Marylynne,mtomblingsm2@wired.com,543-846-4825,227 Merchant Crossing
Raychel,rcolkettm3@state.gov,464-341-0108,22561 Hermina Terrace
Lannie,lweightmanm4@last.fm,477-671-8879,93 Holy Cross Point
Benedict,bloadem5@usa.gov,145-968-7344,541 Fair Oaks Drive
Everard,ehanhamm6@wufoo.com,892-535-3433,9346 Ronald Regan Terrace
Mada,mlarwaym7@digg.com,617-501-5853,4112 Dixon Lane
Madelena,mredhousem8@abc.net.au,536-403-6971,43 Elka Road
Bale,bkuzmam9@odnoklassniki.ru,144-828-2177,8 Talmadge Circle
Deane,demenyma@telegraph.co.uk,829-666-7207,6 Mockingbird Street
Tanya,tlyndonmb@histats.com,644-659-9613,82847 Autumn Leaf Junction
Scotty,sshinglesmc@imdb.com,711-330-6597,9 Bashford Street
Dov,dfeuellmd@cnn.com,159-584-8427,0 John Wall Drive
Pandora,pchargeme@prweb.com,613-928-8005,98 Becker Road
Gan,gtrimbeymf@skyrock.com,512-256-2613,0 2nd Road
Alvina,acavanmg@ebay.co.uk,541-330-9390,49380 Holmberg Parkway
Kellen,kcoltartmh@state.gov,786-489-0556,678 Farwell Street
Northrup,nmontaguemi@intel.com,283-965-4652,5900 John Wall Avenue
Mead,msticklermj@globo.com,946-411-6342,6 Delladonna Crossing
Rosita,rmaffeimk@hhs.gov,298-762-5675,2295 Dixon Way
Nolly,ngatmanml@xing.com,434-270-9466,49668 4th Circle
Nappy,npllumm@nyu.edu,340-181-3168,55 Mifflin Place
Celesta,cdawberymn@census.gov,618-602-1207,0579 Hooker Circle
Miner,mmowsdillmo@google.ca,822-346-6501,4147 Anniversary Court
Xenos,xlegonmp@google.ca,126-968-9447,5 Kipling Alley
Adena,afeldmessermq@disqus.com,185-849-0523,928 Anthes Parkway
Zolly,zbraileymr@addthis.com,435-922-6297,2 Blackbird Street
Kimmi,kferrottims@youtube.com,488-525-9713,701 Nobel Park
Jareb,jmcbeathmt@goo.gl,309-838-6742,2 Oriole Hill
Bel,bsimonsmu@dedecms.com,440-474-9334,0 Eagle Crest Court
Gradeigh,gbarwismv@desdev.cn,504-138-3606,69 Browning Crossing
Bourke,bpesakmw@merriam-webster.com,984-227-8829,71 Steensland Circle
Viviene,vreekenmx@360.cn,708-921-2980,435 Northfield Point
Grove,gattacmy@cdbaby.com,140-279-7208,6 Mayfield Plaza
Powell,pvanderhoogmz@hatena.ne.jp,784-957-4604,12 Mayer Way
Adrian,ahawkyensn0@indiegogo.com,409-959-0550,557 4th Place
Hilton,heskriggen1@bloomberg.com,809-918-4775,675 Golf Course Circle
Jere,jmapplesn2@vimeo.com,422-884-8972,7 Eliot Point
Sella,swalkleyn3@google.co.uk,676-190-4258,9598 Pawling Trail
Orella,ohurstn4@abc.net.au,774-137-0656,4680 Texas Junction
Melodee,moxbien5@feedburner.com,203-276-9576,6918 Thackeray Circle
Dunstan,drampagen6@sohu.com,585-601-0067,9 Village Green Park
Kettie,kjestecon7@princeton.edu,604-663-7386,86024 Pawling Alley
Sayre,sbromidgen8@about.me,980-395-1507,081 Fallview Plaza
Jean,jbrydonn9@sphinn.com,746-393-6796,310 Charing Cross Avenue
Frederich,fweddellna@hhs.gov,409-472-0224,94 Anniversary Crossing
Lanae,lburnittnb@chicagotribune.com,738-411-3533,4 Dawn Center
Ediva,ecicullonc@mediafire.com,442-197-4588,0 Ohio Alley
Brady,bvelland@kickstarter.com,823-383-3062,066 Namekagon Hill
Tam,tzanolline@usnews.com,395-917-1530,3 Mosinee Drive
Oliy,ostrathenf@ftc.gov,639-128-7048,5 Erie Drive
Renell,ruccellong@usatoday.com,419-538-7364,1 Dakota Point
Urban,unewartenh@indiegogo.com,495-831-3785,86501 Sage Way
Judy,jpysonni@live.com,733-954-9653,86 Continental Court
Cory,cbogienj@usda.gov,434-205-8477,98099 Union Trail
Jolee,jcromwellnk@nature.com,583-512-1824,00 Brentwood Place
King,kcressynl@zdnet.com,727-244-2350,0225 Chinook Alley
Niki,ngodehardsfnm@kickstarter.com,117-639-7911,86863 Melrose Hill
Spense,syouteadnn@gnu.org,741-247-7886,3535 Montana Plaza
Taddeusz,tetonno@upenn.edu,732-434-4961,4 Westerfield Road
Berk,bsimoneaunp@senate.gov,523-148-3746,99962 Longview Point
Gale,gwatermannq@utexas.edu,923-620-6450,5 Farmco Lane
Adele,aclewnr@craigslist.org,716-549-9828,42 Utah Place
Geordie,gogleviens@jalbum.net,567-333-7540,5 Everett Lane
Daffie,dfredint@dyndns.org,230-601-1119,788 Jana Court
Wolfy,wscininu@reverbnation.com,946-679-2372,2 Tony Avenue
Nobe,nhendricksnv@senate.gov,955-995-8135,5778 Thackeray Crossing
Natassia,ntomaseknw@fc2.com,573-381-8670,509 Melrose Way
Byran,bskednx@nationalgeographic.com,407-522-7979,9 Truax Place
Lothario,lbolgerny@chron.com,902-856-6569,883 Chinook Road
Ki,krundlenz@statcounter.com,912-848-3286,5042 Manufacturers Park
Brenna,bpavlovico0@blinklist.com,313-190-0163,72 Sherman Junction
Corrine,ceskrietto1@pagesperso-orange.fr,846-215-3678,50511 Petterle Hill
Aldo,abenfordo2@sina.com.cn,567-685-4137,39 Ryan Trail
Gil,gpurchono3@ask.com,498-694-2182,1788 Luster Street
Wilona,wpauluzzio4@ycombinator.com,770-279-3359,6050 Elka Drive
Christie,cingremo5@flavors.me,631-781-9242,7 Independence Terrace
Bidget,bmycrofto6@msu.edu,852-348-2177,3033 Dahle Hill
Eleanore,esextio7@businessinsider.com,554-910-8657,130 Harbort Court
Lacey,lpineauxo8@omniture.com,944-171-6560,3072 Golden Leaf Parkway
Elyse,evartyo9@narod.ru,114-759-1693,37622 Oneill Street
Dev,dfiggoa@yellowbook.com,378-170-8852,0288 Burrows Avenue
Elissa,ekiddleob@mlb.com,226-556-4572,42 North Circle
Tony,traatzoc@blog.com,888-510-7247,2 Pine View Park
Cecilia,clumbleyod@hc360.com,495-482-9118,7379 Corry Terrace
Dulcia,dwalkowskioe@skype.com,603-321-8543,85933 Elgar Way
Juan,jifillof@altervista.org,111-242-2856,504 Luster Crossing
Clare,cjahnelog@dell.com,217-712-7966,5 Haas Road
Budd,bburbudgeoh@bbc.co.uk,141-566-6001,011 Nova Crossing
Lyman,lblackwelloi@github.com,441-517-2463,624 Manley Center
Hazel,hbakesefoj@free.fr,532-565-1453,89012 Armistice Point
Katlin,krumbleok@aol.com,371-800-4830,380 Kensington Hill
Chantal,cantoniewskiol@addtoany.com,829-157-3348,7696 Mockingbird Terrace
Bale,bheighoom@aol.com,668-459-2512,2520 Truax Drive
Greer,gdegnenon@dion.ne.jp,980-286-3015,19 Havey Drive
Dido,dmawdittoo@blinklist.com,762-235-4765,993 Sutherland Point
Cristian,cthorburnop@mail.ru,755-946-8170,66564 Delladonna Lane
Arlena,apannettoq@senate.gov,818-214-5495,03254 Hermina Parkway
Ingeborg,iguestor@umich.edu,221-856-0302,6 Heffernan Drive
Anatole,acornewellos@msu.edu,303-210-4188,60378 Truax Circle
Damita,dskellernot@dagondesign.com,584-223-9065,229 Jackson Way
Franny,fkunnekeou@sourceforge.net,158-547-9724,3935 Dottie Terrace
Roderich,rballintyneov@theatlantic.com,674-139-3331,006 Sunbrook Drive
Isadore,ibentallow@delicious.com,864-219-9883,442 Granby Junction
Deborah,ddrydenox@google.es,848-437-8584,853 Morning Pass
Inglis,ikuhleoy@usatoday.com,469-370-1526,50312 Esker Street
Almire,afoxwelloz@blogtalkradio.com,932-405-6724,1 Manitowish Street
Nichol,nklemenzp0@sogou.com,753-832-5357,9 Grasskamp Plaza
Thomasina,tawinp1@reference.com,638-268-8602,3637 Dorton Way
Rollins,rgildersleevep2@360.cn,641-214-6980,7 Debs Alley
Karla,khassanp3@posterous.com,813-407-5834,25548 Leroy Drive
Nickolas,nmaltmanp4@netscape.com,388-216-7927,84218 Novick Plaza
Frederigo,fvittorip5@sphinn.com,582-264-1633,02904 Clove Terrace
Rudie,rmccormickp6@google.fr,973-743-0938,63 Buhler Place
Gareth,gshreevep7@ted.com,780-134-3591,0 Vermont Drive
Gaby,gtoothillp8@msn.com,260-712-4184,06083 Michigan Way
Birk,brubrap9@ask.com,142-594-2701,27252 Hollow Ridge Avenue
Jan,jguidonipa@un.org,680-648-1094,5 Iowa Pass
Kort,kcattelpb@elegantthemes.com,302-650-8251,3 Rieder Avenue
Amelie,ayokelmanpc@feedburner.com,435-672-1830,722 Eggendart Park
Essy,eyonniepd@amazon.co.jp,849-172-5871,7061 Mesta Lane
Caddric,csnowdonpe@vimeo.com,551-616-2292,598 Monument Road
Zsa zsa,zpenninopf@nymag.com,226-456-4438,0 Waywood Street
Adler,aalldispg@merriam-webster.com,359-987-3405,84 Shoshone Park
Lauritz,lbillyealdph@wufoo.com,648-654-6351,25 Maple Wood Court
Pauli,pangeaupi@pagesperso-orange.fr,965-165-4069,059 Hayes Hill
Charmian,cainscoughpj@epa.gov,379-708-5910,3 1st Way
Alfredo,aoroanpk@imageshack.us,422-554-3048,677 Summer Ridge Drive
Elsinore,efullertonpl@ed.gov,408-747-0872,12 Armistice Center
Dot,dedsonpm@hugedomains.com,140-116-7505,2 Randy Circle
Jazmin,jmowburypn@adobe.com,278-219-6335,334 Farmco Street
Terra,tpapworthpo@nba.com,782-128-8031,021 Clove Alley
Garald,gmckevittpp@deliciousdays.com,921-968-5367,43331 Birchwood Circle
Bathsheba,btodaropq@cargocollective.com,946-801-4089,794 Mandrake Alley
Guinevere,gmcleoidpr@icq.com,686-177-6413,4165 Golden Leaf Road
Elaine,egreeninps@altervista.org,769-429-1665,1919 Grasskamp Court
Eleonora,emacglorypt@techcrunch.com,381-678-1592,52627 Beilfuss Court
Deny,dcarlsonpu@biglobe.ne.jp,541-482-6878,43 Marcy Center
Myrtle,mpimerickpv@timesonline.co.uk,242-601-8143,8 Columbus Pass
Rozanna,rwolledgepw@drupal.org,240-470-4742,69 Southridge Hill
Kassi,kmutchpx@youtube.com,750-606-3768,159 Surrey Junction
Jackqueline,jtrahearnpy@google.com,497-742-3883,8703 Vidon Circle
Penny,pharvisonpz@theglobeandmail.com,333-682-7611,3 Ronald Regan Way
Coletta,cbellwoodq0@comcast.net,363-138-3943,0716 Amoth Road
Marietta,mfavellq1@wisc.edu,951-367-7959,5292 Badeau Alley
Tricia,ttrinkwonq2@dyndns.org,650-786-7779,4788 Morning Road
Cosmo,clilieq3@irs.gov,577-440-3417,40 Thackeray Alley
Karil,ktirreyq4@businesswire.com,859-146-4102,68 Briar Crest Plaza
Nero,npimbleyq5@tinyurl.com,184-267-1638,99 Kennedy Terrace
Saba,sroantreeq6@zdnet.com,851-426-5108,49088 Cody Crossing
Baird,bfennellyq7@instagram.com,855-716-8753,74 Kedzie Court
Vladimir,vtocherq8@phpbb.com,647-446-4593,88291 Browning Lane
Ansell,achappleq9@businessweek.com,963-977-7552,25012 Knutson Hill
Tonie,tdoyqa@ebay.co.uk,760-449-0099,9549 Springview Street
Carree,cleavensqb@globo.com,587-645-7843,38 Sommers Court
Olia,oboanasqc@blogtalkradio.com,236-180-1211,891 Bowman Street
Layney,ltrayfordqd@ustream.tv,562-396-6332,44626 Carpenter Circle
Brynna,bkingstonqe@ox.ac.uk,734-962-0551,873 Marquette Road
Wash,wsurbyqf@webs.com,287-753-2060,1332 Mccormick Circle
Jeannine,jtitmusqg@nytimes.com,712-169-0560,95 Kinsman Avenue
Pip,pmagennyqh@macromedia.com,344-528-3812,41 Sundown Circle
Ainslie,amayworthqi@narod.ru,202-978-5611,77535 Northport Parkway
Alessandro,aganiclefqj@biglobe.ne.jp,810-165-5531,1968 Pleasure Hill
Ashleigh,aleethamqk@elegantthemes.com,877-798-1309,3972 Nelson Terrace
Kimmi,kgolbyql@blog.com,770-975-5274,0895 Lakewood Street
Franzen,fbramsenqm@msn.com,716-675-6945,44499 Gerald Crossing
Jermaine,jmollindiniaqn@omniture.com,523-821-8223,5 Milwaukee Terrace
Ward,whainqo@jugem.jp,270-248-2985,81 Autumn Leaf Junction
Robb,rsaintpierreqp@squidoo.com,405-953-8188,30 Hintze Place
Blythe,bdillowayqq@yale.edu,123-910-6616,7532 Mandrake Junction
Rafaela,rformieqr@gravatar.com,829-841-8783,429 Jana Drive
Pepita,pciottoiqs@berkeley.edu,180-516-8863,27 Muir Parkway
Zonda,zcastellaqt@google.co.jp,434-584-2571,07 Memorial Park
Letta,lchazelasqu@webs.com,524-954-6518,14856 Dennis Drive
Rabbi,ritskovitzqv@loc.gov,773-876-2750,06551 Caliangt Point
Charline,ctrevearqw@state.gov,101-824-6278,6 Farragut Park
Sean,spuncherqx@mediafire.com,413-257-7043,846 American Ash Park
Van,vklugerqy@google.cn,939-717-3096,01 Kinsman Road
Inness,inorthinqz@vimeo.com,112-253-3526,6915 Spohn Terrace
Helenka,hscrubyr0@cdc.gov,264-272-7197,2 Steensland Avenue
Alistair,aledsonr1@europa.eu,747-484-0376,187 Corry Court
Lydia,lshillitor2@example.com,480-105-7972,23 Arrowood Hill
Janel,jtattersr3@twitpic.com,359-571-1202,16268 Crest Line Junction
Arther,amctiernanr4@google.de,143-788-5460,78 Farmco Crossing
Star,smosdallr5@va.gov,291-623-6153,6 Marquette Place
Silvester,sebsworthr6@ameblo.jp,362-741-8478,3 Merrick Street
Gal,gtriber7@answers.com,839-109-2122,107 Roth Drive
Almeda,akabschr8@mapy.cz,148-868-0625,086 Bluestem Circle
Tamarra,tbaxstarr9@nymag.com,815-987-3400,8121 Raven Center
Eolanda,eodonoghuera@zdnet.com,391-958-4332,66 Morningstar Plaza
Floria,fhartwrightrb@blogs.com,506-813-9524,79871 Hooker Hill
Carlos,cdenerleyrc@deviantart.com,543-234-6551,7 Bowman Center
Heath,hskiltonrd@independent.co.uk,640-637-6717,65609 Armistice Center
Laryssa,lurlingre@unc.edu,102-675-3247,86 Scott Circle
Timoteo,tmyttonrf@elpais.com,810-148-3428,1000 Shelley Court
Shalne,silyinskirg@skype.com,187-544-2935,865 Pine View Drive
Theressa,tdelacrouxrh@diigo.com,465-571-0633,83811 Lighthouse Bay Pass
Gilligan,gdowneri@wikispaces.com,413-514-5581,7325 Norway Maple Way
Elisa,ebushrj@vinaora.com,270-215-8252,78 Springview Hill
Maryjane,mswithenbyrk@joomla.org,623-182-2114,298 Lakewood Gardens Pass
Ivory,iclyantrl@geocities.jp,834-397-4359,17828 Helena Terrace
Mano,merreyrm@globo.com,542-691-9605,996 Anhalt Terrace
Issiah,imccombern@engadget.com,596-458-7704,8 Katie Crossing
Alley,azorenro@rakuten.co.jp,415-452-3143,68 Arrowood Court
Gretchen,ggoldsworthyrp@ftc.gov,340-751-0706,750 Continental Parkway
Kevan,kabrahamovitzrq@sciencedirect.com,165-853-2474,474 Reinke Point
Morey,minkpenrr@facebook.com,794-998-3528,9 Monica Alley
