nombre,descripcion,precio,stock
Salsa Verde,"Tangy green salsa made with tomatillos, perfect for tacos.",3.49,1613
Rice Pilaf Mix,Quick and easy rice pilaf mix for side dishes.,2.59,8894
Safety Pin Dispenser,Handy dispenser for quick access to safety pins.,5.99,1085
Pet Training Clicker,Simple tool to train your pet with positive reinforcement.,5.99,2037
Puffer Winter Coat,A warm and stylish puffer coat perfect for winter weather.,99.99,4466
Educational STEM Kit,Hands-on experience with science and engineering projects.,35.99,4628
Chili Beans (canned),"Canned beans with chili sauce, perfect for chili dishes.",1.69,8254
Handmade Leather Journal,Beautiful leather-bound journal for writing and sketching.,39.99,583
Skincare Set,All-natural skincare set for daily use.,54.99,2650
Electric Ice Cream Maker,Make delicious ice cream at home with this user-friendly machine.,59.99,8439
Lentil Pasta,"Gluten-free pasta made from lentils, high in protein.",4.99,6256
Multi-Functional Rice Cooker,Electric rice cooker with multiple cooking settings for perfect rice.,49.99,4806
Pepperoni Pizza Roll-Ups,"Savory pizza filled with pepperoni and cheese, ready to microwave.",5.99,7561
Over-the-Door Hooks,Convenient hooks that utilize door space for hanging items.,12.99,2157
Pecan Nuts,"Nutty, crunchy pecans great for baking.",6.49,6724
Children's Gardening Set,Fun gardening tools designed specifically for kids.,19.99,4825
Cabbage Slaw Mix,Fresh cabbage and carrot slaw mix for salads.,2.29,413
Crew Neck Sweater,"A comfortable crew neck sweater, great for all seasons.",39.99,5490
Creamy Spinach Dip,"Deliciously creamy spinach dip, perfect for parties.",5.99,861
Lemon Lime Sparkling Water,Refreshing sparkling water with lemon and lime flavor,1.99,6508
Jigsaw Puzzle,500-piece jigsaw puzzle featuring beautiful scenery.,14.99,2646
Peach Salsa,Sweet and spicy salsa made with fresh peaches.,3.29,6041
Electric Toothbrush Holder,Sanitary holder that ensures your toothbrush stays clean.,14.99,5739
Coconut Yogurt,"Creamy yogurt made from coconut milk, dairy-free and delicious.",3.89,6967
Floral Summer Dress,Light and breezy dress perfect for summer outings with a vibrant floral pattern.,39.99,7171
Spicy Hummus,"Creamy hummus with a kick of spice, great for dipping.",3.49,578
Smart Plant Monitor,Device that tracks soil moisture and provides care tips.,24.99,3768
Freestanding Wine Rack,Stylish wine rack to store and display bottles.,79.99,6966
Chocolate Mint Cookies,Delicious cookies with rich chocolate flavor and a hint of mint.,2.29,9576
Underwater Camera,Waterproof camera for capturing underwater adventures.,199.99,8865
Garden Hoses with Expandable Features,"Lightweight, expandable hoses for easy handling.",34.99,3664
Electric Air Pump,Fast and convenient air pump for inflating toys and furniture.,29.99,3089
Smartphone Holder for Car,Secure phone mount for your vehicle's dashboard.,14.99,6263
Non-Stick Baking Sheet,Durable baking sheet coated for easy food release.,18.99,5924
Honey Roasted Peanuts,"Crunchy peanuts coated in honey, perfect for snacking.",3.19,2193
Coconut Cream Pie Yogurt,"Yogurt with the flavors of coconut cream pie, nice and indulgent.",1.99,5969
Whole Grain Cereal,"Healthy whole grain cereal, great for breakfast.",3.49,6402
Stylish Combat Boots,Bold combat boots that make a statement with any outfit.,99.99,8307
Hummus,"Creamy chickpea dip, perfect for veggies or pita.",4.29,720
Air Purifier,HEPA air purifier for clean indoor air.,129.99,7770
Glass Food Containers,BPA-free glass containers for safe food storage.,34.99,8088
Diced Tomatoes (canned),"Canned diced tomatoes, great base for sauces and soups.",1.49,261
Spicy Tuna Rolls,"The perfect seafood snack, ready to eat and delicious.",6.49,6790
Beef Taco Skillet,A convenient meal kit for making a delicious beef taco skillet at home.,8.49,4313
Rustic Wooden Picture Frame,Charming frame to showcase your favorite photos.,19.99,8720
Chocolate Fudge Brownie Mix,Just add water for delicious brownies.,2.99,5308
Spicy Garlic Edamame,"Steamed edamame tossed in a spicy garlic sauce, great for snacking.",3.99,3956
Essential Oil Roller Bottles,Set of roller bottles for blending and applying essential oils.,19.99,2470
Adjustable Stand for Tablets and Smartphones,Multi-angle stand for easy viewing of devices.,19.99,2920
Cranberry Lime Sparkling Water,Refreshing sparkling water infused with cranberry and lime flavors.,1.5,5184
Handheld Shower Head,Adjustable shower head for a luxurious shower experience.,34.99,852
Paint By Numbers Kit,Relaxing paint kit with pre-printed canvas for painting.,24.99,6939
Scented Candles,Set of three aromatic candles with various scents.,19.99,5397
Cinnamon Spiced Almonds,Crispy almonds coated with cinnamon and sugar for a sweet and crunchy snack.,5.99,9965
Digital Thermostat,Programmable digital thermostat for home heating.,59.99,4271
Almond Flour,"Gluten-free almond flour, perfect for baking.",5.99,4628
Sports Bottle,BPA-free sports bottle with flip-top lid.,15.99,9832
Personal Safety Alarm,Compact alarm for personal safety and security.,12.99,7919
Home Office Chair,Ergonomic office chair with lumbar support and adjustable height.,199.99,8019
Maple Almond Yogurt,Creamy yogurt made with maple and almond flavors.,1.89,5875
Honey Graham Crackers,Sweet and crunchy honey-flavored graham crackers.,3.29,7637
Memory Card,64GB SD memory card for cameras and devices.,15.99,8569
Spiralizer,Vegetable spiralizer for healthy meals.,22.99,4209
Chocolate Hazelnut Granola,Crunchy granola with chocolate and hazelnuts for breakfast.,4.49,8615
Portable Electric Fan,Compact fan for personal cooling at work or home.,24.99,9497
Graphic Sweatshirt,A comfortable sweatshirt featuring a bold graphic print.,34.99,5634
Phone Case,Rugged phone case for drop protection.,14.99,6855
Electric Stir Fry Pan,Large stir fry pan with non-stick surface.,49.99,8602
Silicone Cooking Utensils Set,Non-stick and heat-resistant utensils for cooking.,34.99,1137
Organic Chia Seeds,Nutritious chia seeds great for smoothies,7.99,5761
Sunglasses Case,Hard-shell case for protecting sunglasses.,15.99,8961
Backpacking Tent,Lightweight and durable tent for camping trips.,109.99,2868
Vanilla Bean Greek Yogurt,Smooth Greek yogurt infused with vanilla bean flavor.,1.99,5189
Hair Dryer,Compact hair dryer with multiple heat settings.,39.99,8352
Ground Cinnamon,Freshly ground cinnamon spice for baking or seasoning.,1.99,5864
Spicy Vegetable Sushi Rolls,Vegan sushi filled with spicy vegetables and avocado.,8.49,7954
Air Mattress,Inflatable air mattress for convenient sleeping.,49.99,2666
Travel Laundry Bag,Compact laundry bag for travel use.,9.99,3570
Samsung Galaxy Smartwatch,Stylish smartwatch with fitness tracking and notifications.,249.99,11
Outdoor Adventure Backpack,Durable backpack for hiking or travel.,59.99,4265
Portable Blender,Battery-operated blender for smoothies on the go.,30,488
Rechargeable Hand Warmer,Portable rechargeable warmer for cold days.,22.99,96
Children's Musical Instrument Set,Fun instruments to introduce kids to music.,39.99,8451
Portable Dog Water Bottle,Convenient water bottle for pets on the go.,18.99,510
Hot Dog Buns,Soft buns perfect for stuffing with your favorite hot dogs.,2.49,5016
Electric Griddle with Lid,"Non-stick griddle for pancakes, burgers, and more.",49.99,8663
Sparkling Blood Orange Soda,A refreshing sparkling beverage with a bold blood orange flavor.,1.99,2389
Chickpea Salad Deluxe,"Chickpeas mixed with fresh vegetables and herbs, a nutritious snack or salad.",4.29,7276
Spaghetti Squash,Low-carb vegetable for pasta alternatives.,3.99,1928
Salt and Pepper Grinder Set,Adjustable grinders for fresh spices at the table.,19.99,4071
Fitness Resistance Bands Set,Variety of bands suitable for all fitness levels.,34.99,8353
Chilli Lime Corn on the Cob,Corn on the cob seasoned with chili and lime for a spicy kick.,1.99,5980
LED Table Lamp,Modern LED table lamp with touch control.,29.99,4330
Lemon Herb Quinoa,"Fluffy quinoa mixed with lemon zest and herbs, a perfect side.",3.49,4445
Travel Jewelry Case,Portable case to organize and protect jewelry on trips.,24.99,3837
Car Sunshade,Windshield sunshade for car interior protection.,19.99,176
Children's Educational Workbook,Activity workbook for early learning and fun.,12.99,5616
Smoked Salmon,"Deliciously smoked salmon, great for bagels.",14.99,9252
Silicone Baking Molds,Set of flexible molds for baking cakes and pastries.,15.99,61
Berries Medley,"A mix of fresh raspberries, blueberries, and blackberries.",6.99,8027
Wrap Front Midi Skirt,"Elegant midi skirt with a wrap design, great for both formal and casual events.",44.99,3726
Coconut Cream,"Rich cream extracted from coconut milk, ideal for desserts.",2.99,9780
Protein Bar Variety Pack,A pack of assorted nut and protein bars for a quick energy boost.,12.99,575
Trackpad for Laptop,Wireless trackpad for enhanced laptop navigation.,49.99,7873
Reclining Camping Chair,Foldable reclining camping chair with cup holder.,49.99,7977
Oven-Baked Potato Chips,Light and crispy baked potato chips in assorted flavors.,2.79,4060
Portable Jump Starter,Compact jump starter for emergency vehicle starts.,59.99,952
Collapsible Folding Chair,Lightweight and portable chair for camping or events.,29.99,1736
Outdoor Camping Lantern,Rechargeable LED lantern ideal for camping and outdoor activities.,34.99,6551
Drone,Beginner-friendly drone with HD camera.,249.99,7202
Hummus Variety Pack,"A selection of different flavored hummus, great for snacking.",5.99,6922
Organic Apples,Crisp and delicious organic apples.,1.89,9803
Pet Leash,Durable pet leash with comfortable handle.,15.99,8472
Cotton Quilted Throw Blanket,Cozy throw blanket perfect for adding warmth to your home.,39.99,7955
3D Night Light,Color-changing 3D night light for kids' rooms.,19.99,6655
Survival Gear Kit,Essential survival gear kit for emergencies.,59.99,8414
Dark Chocolate Covered Almonds,Roasted almonds dipped in rich dark chocolate.,7.19,6244
Microfiber Cleaning Cloths,Pack of ultra-soft microfiber cloths for cleaning.,9.99,1721
Cranberry Almond Cookies,Delicious cookies with cranberries and almonds in every bite.,4.29,4369
Solar String Lights,Eco-friendly string lights for outdoor decor.,29.99,6936
Raspberry Tart,A delicious tart filled with fresh raspberry filling.,5.49,9726
Fresh Cilantro,"Bright and fragrant cilantro, great for garnishes.",1.49,6910
Outdoor String Lights,Fairy lights perfect for decorating patios and backyards.,24.99,3939
Motion Sensor Light,Battery-operated motion sensor light for safety.,19.99,6243
Home Office Chair,Ergonomic office chair with lumbar support and adjustable height.,199.99,6205
Matcha Green Tea Powder,High-quality matcha for making traditional tea or lattes.,14.99,6561
Pasta Sauce Mix,Just add water for a quick pasta sauce.,1.29,4906
Rice Pudding,Creamy dessert made with rice and cinnamon.,2.29,3692
Chewy Granola Bars,Oats and honey bars with a chewy texture and nutty flavor.,3.49,3843
Toilet Paper (12 rolls),Soft and strong toilet paper for everyday use.,8.99,2276
Rechargeable Electric Screwdriver,Convenient electric screwdriver for DIY projects at home.,39.99,1155
Outdoor Adventure Kit,Complete outdoor kit for camping and hiking.,89.99,6220
Travel Document Organizer,"Organize travel documents, passport, and cards.",15.99,2035
Silicone Wine Glasses,Durable and shatterproof silicone glasses for outdoor use.,22.99,8990
Organic Black Beans,"Versatile canned black beans, ready to add to any dish.",1.29,6425
Honey Nut Cheerios,Classic cereal made with whole grains and honey.,4.29,6783
Glass Water Bottle,Borosilicate glass water bottle with silicone sleeve.,25.99,3731
Beef Enchilada Casserole,Hearty casserole with beef and enchilada sauce.,8.99,5342
Microfiber Cleaning Cloths,Pack of ultra-soft microfiber cloths for cleaning.,9.99,5500
Party Mini Dress,"Eye-catching mini dress with sequins, ideal for party nights out.",69.99,1239
Pepperoni Pizza Rolls,"Savory pizza rolls filled with pepperoni and cheese, ready to bake and enjoy in minutes.",6.99,4438
Electric Meat Grinder,Powerful grinder for making sausage and burgers at home.,89.99,6701
Camera Lens Cleaning Kit,Complete cleaning kit for camera lenses.,14.99,224
Watercolor Set,Complete watercolor set with paints and brushes.,19.99,2703
Nature Explorer Lens Kit,Magical lens kit for kids to explore the outdoors.,19.99,6042
Mushrooms,"Fresh button mushrooms, great for cooking.",2.99,6863
Rolling Cooler,Wheeled cooler for transporting drinks and snacks.,59.99,1884
Chiffon Blouse,Elegant chiffon blouse perfect for work or outings.,39.99,5254
Bamboo Memory Foam Pillow,Ergonomically designed pillow with breathable bamboo cover.,34.99,848
Casual Sneakers,Versatile canvas sneakers suitable for everyday wear with a comfortable fit.,39.99,345
Ceramic Knife Set,Set of ceramic knives for precision slicing.,39.99,6672
Insulated Wine Tote,Stylish tote to keep wine bottles chilled while traveling.,24.99,5434
Solar String Lights,Eco-friendly string lights for outdoor decor.,29.99,8643
Peach & Mango Salsa,"A zesty salsa made with peaches and mangos, great for chips.",4.49,4220
Sweet Cherry Tomatoes,Fresh and juicy cherry tomatoes for salads and snacking.,2.99,3143
Fresh Basil,"Aromatic fresh basil, perfect for Italian cooking.",1.99,8170
Almond Butter Cups,"Rich chocolate cups filled with almond butter, a delicious treat.",3.29,4579
Elegant Lace Dress,A stunning lace dress perfect for special occasions.,79.99,1771
Smart Wi-Fi Light Bulbs,Energy-efficient LED bulbs that can be controlled via smartphone.,19.99,4499
Multi-Function Smartphone Holder,"Versatile holder that can be used on desks, cars, and more.",12.99,7925
Frozen Hash Browns,"Shredded potatoes, perfect for breakfasts.",2.99,1795
Sea Salt Caramel Brownie,Moist brownie topped with sea salt and caramel drizzle.,2.49,7217
Electronic Drum Kit,Compact electronic drum kit for musicians of all levels.,359.99,7563
Memory Foam Mattress Pad,Extra layer of comfort for your mattress.,69.99,7420
Wireless Mouse,Ergonomic wireless mouse with adjustable DPI.,25.99,4142
Thai Red Curry Paste,Spicy and flavorful curry paste for authentic Thai dishes.,3.99,2046
Lockable Bicycle Chain,Heavy-duty chain lock for securing bicycles.,19.99,8659
Maple Cinnamon Granola Bars,Chewy granola bars with maple and cinnamon flavor.,3.49,8426
DIY Candle Kit,Everything you need to make your own scented candles at home.,34.99,3957
Energy Bites,Healthy energy bites made with oats and natural sweeteners.,3.99,2418
Outdoor String Lights,Fairy lights perfect for decorating patios and backyards.,24.99,2479
Multi-Cooker,Versatile multi-cooker for pressure cooking and slow cooking.,89.99,5701
Tabletop Fire Pit,Compact and stylish indoor/outdoor fire pit for ambiance.,79.99,4107
High-Quality Yoga Block,Foam yoga block for enhancing poses and stability.,12.99,2958
Pineapple Chunks (canned),Sweet pineapple chunks in syrup.,2.29,582
Pet Safety Harness,Comfortable harness designed to keep pets safe in the car.,24.99,2221
Tomatillo Salsa,Tangy salsa made from tomatillos and peppers.,3.29,5331
Silicone Stretch Lids,Reusable silicone lids for covering food in bowls and storage containers.,14.99,3596
Green Smoothie Mix,A convenient powder mix combining greens and fruits for smoothies.,5.99,5569
Electric Heat Pad,Microwaveable heat pad for soothing muscle aches.,24.99,419
Paint By Numbers Kit,Relaxing paint kit with pre-printed canvas for painting.,24.99,5970
Adjustable Garden Rake,Heavy-duty rake with adjustable width for different gardening needs.,22.99,744
Organic Quinoa Chips,"Light and crispy chips made from quinoa, ideal for dipping.",3.99,5346
Stick Vacuums Cleaner,Cordless vacuum cleaner for quick clean-ups.,129.99,6756
Dog Training Whistle,High-frequency whistle for training your dog effectively.,8.99,8785
Beef Stroganoff Mix,Everything you need to create a hearty beef stroganoff.,5.49,2772
Bamboo Bathtub Caddy,"Expandable caddy for holding books, phones, and snacks while in the bath.",34.99,6621
Adjustable Standing Desk,Ergonomic desk that adjusts height for standing or sitting.,299.99,2101
Garden Vegetable Soup,"A hearty soup filled with vegetables and herbs, perfect for a light meal.",3.29,6810
Blackberry Compote,"Sweet blackberry compote, perfect for topping desserts.",5.29,656
Almond Butter Cookies,Soft cookies made with almond butter,4.49,9057
Active Racerback Tank,Lightweight and moisture-wicking racerback tank for workouts.,24.99,9046
Sports Bottle,BPA-free sports bottle with flip-top lid.,15.99,9087
Walnut Halves,Fresh walnut halves for baking or snacking.,8.49,6973
Acoustic Guitar,Beginner-friendly acoustic guitar with natural finish.,199.99,3500
Pork Chops,"Tender and juicy pork chops, perfect on the grill.",9.49,6361
Coconut Curry Sauce,A flavorful sauce made with coconut milk and spices.,3.89,5069
Surimi Crab Sticks,"Synthetic crab meat sticks, great for salads and sushi.",4.19,3491
Ultraviolet Phone Sanitizer,UV sanitizer that kills germs on your smartphone.,39.99,331
Italian Breadsticks,Crispy breadsticks seasoned with herbs and garlic.,2.49,6869
Homestyle Beef Stew,"Hearty beef stew with vegetables, ready to heat and serve.",7.99,164
Eco-Friendly Yoga Blocks,Sustainable foam blocks for yoga practice.,15.99,3483
Electric Skillet,Versatile electric skillet for stir-frying and searing.,49.99,2409
Aeropress Coffee Maker,Portable coffee maker for rich brews on the go.,29.99,4868
Magnetic Screen Door,Keep bugs out while allowing fresh air in during summer.,24.99,3808
Cable Knit Beanie,A cozy cable knit beanie to keep your head warm in winter.,19.99,3114
Creamy Garlic Mashed Potatoes,Rich and buttery mashed potatoes with roasted garlic.,3.99,5187
Pomegranate Juice,"Fresh pomegranate juice, rich in antioxidants.",4.49,9335
Spicy Hummus,"Creamy hummus with a kick of spice, great for dipping.",3.49,6691
Kale Salad Kit,"Ready-to-eat salad with kale, lemon, and cheese.",4.99,9313
Organic Vanilla Bean Ice Cream,"Creamy ice cream made with real vanilla beans, perfect for desserts.",5.99,9949
Elegant Maxi Skirt,Float through the day in this beautiful floor-length skirt.,44.99,2596
Infrared Space Heater,Energy-efficient infrared heater for home use.,99.99,2257
Chilli Lime Corn on the Cob,Corn on the cob seasoned with chili and lime for a spicy kick.,1.99,2218
Smart Light Switch,Control lights remotely with this smart switch.,29.99,3504
Chilli Lime Corn on the Cob,Corn on the cob seasoned with chili and lime for a spicy kick.,1.99,1120
Beef Sirloin Steak,"Juicy and tender beef sirloin steak, grass-fed.",15.99,5358
Fitbit Activity Tracker,Advanced wristband that tracks daily activities and sleep.,99.99,127
Infrared Thermometer,Non-contact thermometer for checking temperatures instantly.,39.99,4699
Nutty Quinoa Salad,"A delicious salad with quinoa, nuts, and cranberries.",4.99,6006
Blueberry Muffin Mix,Make delightful blueberry muffins at home with this easy mix.,4.29,7902
Vegetable Spring Rolls,Crispy spring rolls filled with vegetables,6.49,2240
Gardening Kneeler and Seat,Foldable kneeler that doubles as a seat for gardening convenience.,39.99,7768
Wall-Mounted Organizer,Practical organizer for keeping your home tidy and clutter-free.,34.99,8564
Smart LED Desk Lamp,Adjustable lamp with multiple brightness levels and colors.,39.99,4786
Repair Tool Set for Home Improvement,Small toolkit with essentials for home repairs.,29.99,3216
Peanut Butter Granola,Crunchy granola full of peanut butter flavor and oats.,4.99,7169
Car Vacuum,Portable car vacuum cleaner with strong suction.,49.99,8320
Sooji (Semolina),"Fine semolina flour, perfect for pasta and desserts.",1.99,4604
Electric Griddle with Removable Plates,Non-stick surface for easy cooking and cleaning.,59.99,9980
Wooden Blocks,Classic wooden building blocks for toddlers.,24.99,5976
Honey BBQ Riblets,"Tender riblets coated in a honey barbecue glaze, perfect for grilling or baking.",12.99,5005
Beach Cover-Up,"Lightweight cover-up perfect for the beach, with a breezy design.",29.99,739
Hibiscus Tea Bags,Herbal tea bags made from dried hibiscus flowers.,3.79,9192
Adjustable Bar Stools,Stylish bar stools with adjustable height and swivel features.,149.99,588
Personal Blender with Travel Lid,Blender designed for smoothies and shakes on the go.,34.99,1412
Portable Camping Shower,Convenient shower system for camping and outdoor activities.,39.99,2612
Safety First Aid Kit,Comprehensive first aid kit for home or travel emergencies.,29.99,4785
Scent Diffuser Oil,Essential oil blends for a soothing atmosphere in your home.,14.99,3466
Thai Red Curry Paste,Spicy and flavorful curry paste for authentic Thai dishes.,3.99,7652
Stuffed Grape Leaves,"Grape leaves stuffed with rice and herbs, ready to eat.",5.79,642
Comfortable Bed Pillow,Supportive pillow designed for a good night's sleep.,24.99,5026
Oven-Baked Chicken Tenders,"Crispy and juicy chicken tenders, perfect for dipping.",6.99,6073
Deluxe First Aid Kit,Comprehensive first aid kit for home and travel.,39.99,2176
Bluetooth Tracker,Smart tracker to locate keys or other items via app.,19.99,6991
Digital Meat Thermometer,Instant-read thermometer for precise cooking temperatures.,24.99,8397
Chicken Sausage,"Flavorful chicken sausage, low in fat and fully cooked.",6.99,8378
Pocket Blanket,"Compact, waterproof blanket for picnics and events.",24.99,7557
Peanut Butter Banana Smoothie Mix,"Smoothie mix combining peanut butter and banana, great for a quick breakfast.",4.49,7540
Jigsaw Puzzle,500-piece jigsaw puzzle featuring beautiful scenery.,14.99,3967
Reclining Camping Chair,Foldable reclining camping chair with cup holder.,49.99,8695
Kids' Activity Book,Fun book filled with puzzles and games for kids.,14.99,8990
Portable Hand Warmer,Rechargeable hand warmer for cold weather comfort.,24.99,1265
Dog Car Seat Cover,Waterproof cover to protect car seats from pet hair and dirt.,39.99,7834
Wireless Earbuds Case,Protective case for wireless earbuds.,12.99,7365
Dual Function Electric Skillet,"Skillet that can fry, grill, and sauté with ease.",59.99,2097
Heart-Shaped Baking Molds,Love-themed molds for creating desserts and treats.,10.99,4666
Pet Grooming Scissors,Quality scissors designed for easy pet grooming.,16.99,4055
Organic Coconut Sugar,"A natural sweetener made from coconut sap, a healthier alternative to sugar.",4.19,9086
Sea Salt Caramel Brownie,Moist brownie topped with sea salt and caramel drizzle.,2.49,4719
Portable Solar Phone Charger,Eco-friendly charger that uses solar energy for powering devices.,29.99,5021
Athletic Compression Tights,High-performance compression tights designed for optimal support and comfort.,39.99,7489
Portable Refrigerator Freezer,Compact fridge ideal for camping and road trips.,299.99,1260
USB Wall Charger,Multiple USB ports for charging devices simultaneously.,19.99,9501
Portable USB-C Monitor,Lightweight and slim monitor ideal for dual-screen setups.,199.99,6455
Pesto Pasta Salad,Cold pasta salad tossed with pesto and fresh vegetables.,4.99,2892
Beef Stroganoff Mix,Everything you need to create a hearty beef stroganoff.,5.49,3241
Reusable Silicone Food Storage Bags,Eco-friendly bags for storing food without plastic waste.,19.99,2341
Honey Garlic Chicken,Tender chicken coated in a sweet and savory honey garlic sauce.,8.49,9849
Decorative Throw Pillows,Set of stylish throw pillows for home decor.,29.99,6118
Homestyle Chicken Noodle Soup,Classic chicken noodle soup with tender chicken and vegetables.,2.99,4350
Stick Vacuums Cleaner,Cordless vacuum cleaner for quick clean-ups.,129.99,7970
Kids' Science Experiment Kit,Engaging kit with science experiments for children.,29.99,5901
Frozen Berry Blend,A mix of frozen berries for smoothies or desserts,4.99,394
Wall-Mounted Organizer,Practical organizer for keeping your home tidy and clutter-free.,34.99,4122
Laundry Detergent,Effective laundry detergent for a deep clean.,12.99,6597
Adjustable Pet Feeder,Convenient feeder that adjusts to your pet's height.,39.99,5481
Mango Sticky Rice Dessert,Sweetened sticky rice served with fresh mango and coconut sauce.,4.5,376
DIY Lip Balm Kit,Craft your own lip balms with this complete kit.,22.99,7172
Creamy Spinach Dip,"Deliciously creamy spinach dip, perfect for parties.",5.99,2853
Garlic Herb Cream Cheese,Spreadable cream cheese blended with garlic and herbs.,2.99,3108
Wall Art Stickers,Removable wall art stickers for home decoration.,19.99,7993
Outdoor Mosquito Repellent Lantern,Lantern that repels mosquitoes while providing light.,34.99,3303
Salsa,"Fresh and zesty salsa, perfect for nachos.",3.49,9322
Asian Salad Mix,Fresh greens and veggies for a quick Asian-inspired salad.,3.99,2621
Tomato Sauce,Rich and flavorful tomato sauce for pasta or pizza.,2.79,881
Cheese Stuffed Jalapenos,"Spicy jalapenos stuffed with cheese, ideal for appetizers.",5.99,4429
Essential Oils Diffuser Necklace,Wearable diffuser for scenting your space and body.,19.99,8362
Baby Monitor,Video baby monitor with night vision.,79.99,2231
Cheddar & Bacon Potato Skins,Gourmet potato skins loaded with cheddar cheese and bacon.,7.49,5695
Tennis Racket,Lightweight tennis racket for beginners and advanced players.,89.99,1117
Roasted Sweet Corn,Sweet corn roasted to perfection for a delightful side.,1.99,5711
Fitness Activity Journal,Journal to record workouts and nutrition.,14.99,7520
Electric Heat Press Machine,Ideal for creating custom designs on t-shirts and fabrics.,99.99,8836
Surimi Crab Sticks,"Synthetic crab meat sticks, great for salads and sushi.",4.19,6172
Whole Wheat Pasta,Nutritious and hearty pasta made from whole wheat flour.,2.49,4840
Coconut Oil Spray,A zero-calorie coconut oil spray for cooking and baking.,4.99,4031
Non-Stick Baking Sheet,Durable baking sheet coated for easy food release.,18.99,3618
Honey Sriracha Chicken Bites,"Frozen chicken bites coated in a honey sriracha glaze, spicy and sweet.",7.99,8497
Peach Mango Smoothie,A refreshing blend of peaches and mangoes for a delicious smoothie.,3.49,8454
Frozen Edamame,"Lightly salted frozen edamame, a protein-packed snack.",3.29,9897
Chunky Knit Sweater,Cozy oversized sweater perfect for chilly days with a textured knit design.,59.99,1633
Cotton Basic Tank,"Essential cotton tank top, perfect for layering.",14.99,5176
Smart Wi-Fi Camera,Indoor Wi-Fi camera for home security.,89.99,5485
Wireless Music Receiver,Stream music from your device to any speaker wirelessly.,19.99,3859
Self-Massaging Pillow,Comfortable pillow with built-in massage features.,49.99,6609
Mediterranean Flatbread,"Artisan bread topped with olives, feta, and herbs, perfect for sharing.",3.5,9648
Electric Razor,Rechargeable electric razor for a smooth shave.,59.99,8271
Blue Denim Jeans,Classic fit blue jeans with a slight stretch for comfort and durability.,49.99,9791
Smart Plant Monitor,Device that tracks soil moisture and provides care tips.,24.99,3327
Cinnamon Sugar Popcorn,Sweet popcorn coated in a mixture of cinnamon and sugar.,2.89,8157
Puff Pastry,Versatile puff pastry for pies and pastries.,5.49,4426
Almond Flour Brownies,Deliciously rich brownies made with almond flour.,5.99,3038
Pumpkin Waffles,Delicious waffles infused with pumpkin and spices.,4.49,5093
Wireless Earbud Silicone Covers,Soft silicone earbud covers for comfort and fit.,9.99,5336
Wrap Jumpsuit,Chic wrap jumpsuit that flatters the body and is perfect for any occasion.,54.99,8957
Outdoor Fire Pit,Portable fire pit for backyard gatherings.,149.99,5238
Ice Pack,Reusable gel ice pack for injuries and cooling.,8.99,4900
Chocolate Coconut Granola,"Crunchy granola with chocolate and coconut, great for breakfast or snacks.",3.79,9475
Oats,"Organic rolled oats, great for breakfast or baking.",3.29,5339
Vegetarian Sausage Links,Plant-based sausage links with spices and herbs.,5.89,2160
Chocolate Covered Pretzels,"Crunchy pretzels coated in rich chocolate, a sweet treat.",3.29,214
Sun Protection Clothing,UV-blocking clothing for outdoor activities.,44.99,6966
Snap-On Tupperware Set,Durable and versatile food storage containers.,34.99,263
Stainless Steel Travel Mug,Insulated mug to keep drinks hot on the go.,19.99,3997
Blackberry Jam,Delicious homemade style blackberry jam.,4.29,3333
Garlic Herb Cream Cheese,Spreadable cream cheese blended with garlic and herbs.,2.99,1270
Classic Baseball Cap,A timeless baseball cap that adds a sporty touch to any outfit.,24.99,273
Infrared Space Heater,Energy-efficient infrared heater for home use.,99.99,44
Beard Grooming Kit,Everything you need for maintaining a healthy beard.,34.99,6837
Granola Bars,"Crispy and chewy granola bars, perfect for on-the-go.",4.99,3916
Creamy Tomato Basil Soup,"Rich and creamy tomato basil soup, perfect with a grilled cheese.",3.29,1012
Vegetable Sushi Rolls,Fresh sushi rolls filled with a variety of vegetables.,5.99,1043
Wall Calendar,Beautiful wall calendar for organizing your schedule.,17.99,1680
Adjustable Resistance Bands,Set of resistance bands for versatile strength training workouts.,39.99,3559
Honey Roasted Almonds,Sweet and crunchy roasted almonds.,4.99,6411
Ready-to-Eat Chili,"Spicy chili in a can, ready to eat for a filling meal.",2.99,8135
Maple Cinnamon Almonds,Roasted almonds coated in a sweet maple and cinnamon mixture.,4.29,6907
Cranberry Lime Sparkling Water,Refreshing sparkling water infused with cranberry and lime flavors.,1.5,8408
Non-Toxic Concrete Sealer,Eco-friendly sealer for protecting concrete surfaces.,39.99,8168
Vegetable Lentil Soup,"A hearty soup made with lentils, a variety of vegetables, and spices, ideal for a nutritious meal.",3.49,830
Sketchbook,High-quality sketchbook for artists.,14.99,9700
Organic Granola,Healthy granola made with oats and honey.,5.49,5206
Pumpkin Waffles,Delicious waffles infused with pumpkin and spices.,4.49,252
Honey Glazed Carrots,"Sweet and savory carrots glazed in honey, perfect as a side dish.",3.49,1051
Vegetarian Chili,"Hearty chili made with beans and vegetables, a savory meal option.",3.99,9221
Portable Pet Water Bottle,Travel-friendly water bottle for pets on the go.,18.99,3172
Tennis Racket,Lightweight tennis racket for beginners and advanced players.,89.99,571
Elegant Maxi Skirt,Float through the day in this beautiful floor-length skirt.,44.99,9853
Pecan Nuts,"Nutty, crunchy pecans great for baking.",6.49,9178
Multi-Cooker,Versatile multi-cooker for pressure cooking and slow cooking.,89.99,5124
Organic Honeycrisp Apples,"Sweet and crisp apples, perfect for snacking.",1.99,4434
Baking Powder,Essential ingredient for baking fluffy cakes and pastries.,1.79,2461
Thai Peanut Noodles,Noodles tossed in a spicy Thai peanut sauce.,4.99,5581
Travel Eye Mask with Ear Plugs,Comfortable eye mask that includes noise-canceling ear plugs.,15.99,1373
Fruit & Nut Trail Mix,"A blend of dried fruits and nuts, great for snacking.",4.99,9458
Compact Digital Camera,High-resolution camera for stunning photos.,249.99,996
Camping Tarp,Durable tarp for outdoor camping and protection.,32.99,7445
Adjustable Resistance Bands,Set of resistance bands for versatile strength training workouts.,39.99,7711
Kale Chips,"Healthy, crunchy kale chips, a nutritious snack.",3.99,6713
Herbal Tea Set,Assorted herbal tea bags for relaxation and wellness.,19.99,9255
Personal Security Alarm Keychain,Handy keychain that emits a loud alarm for personal safety.,10.99,9877
Personalized Keychain,Custom keychain with engraved text.,10.99,3946
Electric Nail File Kit,Professional-grade nail care set for manicures and pedicures.,34.99,7505
Gardening Tool Belt,Convenient belt with pockets for easy access to tools while gardening.,22.99,7620
Cabbage,"Fresh green cabbage, great for salads and slaws.",1.29,3778
Fitness Jump Rope with LCD Counter,Weighted jump rope that counts jumps and calories burned.,15.99,589
Wireless Wi-Fi Extender,Boosts your Wi-Fi coverage for better connectivity.,49.99,9873
Backpacking Tent,Lightweight and durable tent for camping trips.,109.99,9177
Coconut Granola,Crunchy granola mixed with coconut flakes.,4.19,5114
Honey Mustard Chicken Breasts,Marinated chicken breasts coated in a sweet honey mustard glaze.,8.99,9612
Self-Watering Planter,Planter with self-watering feature for easy plant care.,24.99,1298
Wrap Jumpsuit,Chic wrap jumpsuit that flatters the body and is perfect for any occasion.,54.99,4875
Infrared Thermometer Gun,Non-contact thermometer for quick and easy temperature readings.,29.99,7100
Reusable Coffee Filter,Eco-friendly coffee filter for brewing.,10.99,2271
Almond Butter Granola Bars,"Crunchy granola bars made with almond butter, oats, and honey, perfect for on-the-go snacking.",4.99,9962
Compact Shoe Rack,Space-efficient shoe rack to keep entryways organized.,34.99,9779
Window Bird Feeder with Suction Cups,Clear feeder that attaches to windows for bird watching.,28.99,5646
Cauliflower Gnocchi,"Soft and pillowy gnocchi made from cauliflower, perfect with sauce.",3.59,7705
Honey Mustard Dip,Sweet and tangy honey mustard dip for snacks.,3.29,5417
Pet Nail Clipper,Safe and easy-to-use nail clippers for pets.,12.99,6819
Wall Art Stickers,Removable wall art stickers for home decoration.,19.99,9994
Organic Green Tea,Delicate green tea leaves for a refreshing beverage.,4.29,4168
Inflatable Pool Float,Fun inflatable float for lounging in the pool or beach.,29.99,7855
Coconut Oil Spray,A zero-calorie coconut oil spray for cooking and baking.,4.99,3148
Photo Album,Classic leather photo album for keepsakes.,24.99,3006
Crispy Potato Tots,"Golden brown potato tots, crispy on the outside and fluffy inside.",3.69,4956
Spinach and Cheese Stuffed Shells,Delicious pasta shells filled with spinach and cheese,5.99,9683
Electric Wine Opener,Rechargeable electric wine opener for effortless uncorking.,29.99,3339
Basil Tomato Soup,"Rich tomato soup flavored with fresh basil, ready to heat up.",2.99,9588
Beef Stroganoff Mix,Everything you need to create a hearty beef stroganoff.,5.49,2178
Baked Falafel,"Crispy baked falafel balls, perfect for salads",5.49,145
Coconut Lime Rice,"Flavorful rice mixed with coconut and lime, a tropical side dish.",2.99,5726
Dishwasher Safe Cutting Board,Eco-friendly cutting board that is safe for dishwashers.,22.99,1197
Organic Coconut Yogurt,Dairy-free yogurt made from coconut milk.,4.49,4740
Vegan Chickpea Salad,"Healthy salad made with chickpeas, vegetables, and a lemon dressing.",3.99,143
Smart Doorbell,Wi-Fi enabled doorbell with HD camera and two-way audio.,119.99,9974
DIY Lip Balm Kit,Craft your own lip balms with this complete kit.,22.99,503
Chili Beans in Sauce,Canned beans cooked in a savory chili sauce,1.79,8747
Pet Hair Remover,Effective roller for removing pet hair from furniture.,9.99,5789
Chicken Salad Kit,All-in-one kit for making delicious chicken salad.,5.99,2220
Wrist Support Brace,Comfortable support brace to relieve wrist pain.,19.99,7204
Organic Whole Wheat Flour,High-quality whole wheat flour for baking and cooking.,2.99,9570
Organic Quinoa Chips,"Light and crispy chips made from quinoa, ideal for dipping.",3.99,9776
Rechargeable Electric Toothbrush,Advanced electric toothbrush for effective cleaning.,49.99,6281
Wine Decanter,Elegant glass decanter for aerating wine.,34.99,1369
Ankle Boots,"Stylish leather ankle boots with a block heel, perfect for fall styling.",89.99,7145
Portable Bluetooth Keyboard,Compact keyboard for tablets and smartphones.,39.99,1626
Leather Wallet,Genuine leather wallet with multiple compartments.,49.99,4453
Car Sunshade,Windshield sunshade for car interior protection.,19.99,1108
Adjustable Laptop Stand,Ergonomic stand for laptops to improve posture while working.,29.99,8529
Sports Bottle,BPA-free sports bottle with flip-top lid.,15.99,9718
Digital Food Scale,Precision digital scale for accurate cooking measurements.,22.99,2899
Cocoa Powder,Rich cocoa powder for baking and chocolate recipes.,3.99,3495
Portable Solar Path Lights,Eco-friendly solar lights for pathways and gardens.,39.99,2048
Portable Charcoal Grill,Compact charcoal grill perfect for tailgating.,89.99,2184
Curried Lentil Salad,"A hearty salad with lentils, veggies, and curry dressing.",4.29,8943
Trail Mix (Deluxe),"A delightful mix of nuts, fruit, and chocolate.",4.59,5955
Sporty Slide Sandals,Comfortable slide sandals for lounging by the pool.,24.99,7176
Safety First Aid Kit,Comprehensive first aid kit for home or travel emergencies.,29.99,8776
Smart Wi-Fi Camera,Indoor Wi-Fi camera for home security.,89.99,3119
Frozen Vegetarian Pizza,A delicious pizza loaded with vegetables,6.49,2293
Basil Tomato Soup,"Rich tomato soup flavored with fresh basil, ready to heat up.",2.99,1851
Elderberry Syrup,Natural elderberry syrup to boost immunity.,11.99,505
Beach Cover-Up,"Lightweight cover-up perfect for the beach, with a breezy design.",29.99,7704
Nail Polish Set,Assorted nail polish set for vibrant nails.,25,4424
Electric Meat Grinder,Powerful grinder for making sausage and burgers at home.,89.99,9520
Cinnamon Sugar Mix,Sweet mixture of cinnamon and sugar for sprinkling.,1.49,3643
Hair Dryer,Compact hair dryer with multiple heat settings.,39.99,6789
Italian Herbal Seasoning,A fragrant blend of Italian herbs for pasta sauces and marinades.,1.99,5795
Almond Flour Tortillas,"Gluten-free tortillas made from almond flour, perfect for various wraps and meals.",4.99,8393
Pet Training Clicker,Simple tool to train your pet with positive reinforcement.,5.99,3750
Multi-Purpose Marine Rope,"Heavy-duty rope suitable for boating, camping, and general use.",19.99,3979
Faux Leather Leggings,Stylish faux leather leggings for a trendy outfit.,49.99,4840
Electric Griddle with Lid,"Non-stick griddle for pancakes, burgers, and more.",49.99,9860
Bicycle Repair Kit,Essential tools for on-the-go bike maintenance.,14.99,9990
Collapsible Camping Cup,Space-saving cup that folds flat for easy storage.,9.99,6281
Smart Air Purifier,Filters allergens and pollutants from the air for a healthier home.,199.99,4313
Electric Opener for Jars and Bottles,Easily opens jar lids and bottle caps with one touch.,24.99,6757
Eco-Friendly Cleaning Cloths,Reusable microfiber cloths for environmentally friendly cleaning.,12.99,6914
Maple Chipotle Glaze,A sweet and spicy glaze that's perfect for grilling or marinades.,3.49,6875
Spicy Thai Noodles,Instant noodles with a spicy Thai sauce for quick meals.,1.99,4120
Smoked Paprika,Add a smoky flavor to your dishes.,2.99,6548
Kids' Gardening Kit,Complete set designed for children to learn gardening.,24.99,579
Smartphone Car Mount with Wireless Charging,Secure phone mount that wirelessly charges your device while driving.,39.99,3303
Marinara Parmesan Baked Ziti,Ziti pasta baked with marinara and parmesan cheese,8.49,2802
Spicy Tuna Salad,"Ready-to-eat tuna salad with a spicy kick, perfect for sandwiches.",4.49,3701
Spicy Avocado Salsa,"A zesty salsa made from ripe avocados, tomatoes, onions, and jalapeños, great for dipping or topping.",4.49,7465
Potato Wedge Seasoning,Seasoning mix for making crispy and flavorful potato wedges.,2.49,8025
Brownie Bites,"Fudgy brownie bites, perfect for sharing or snacking.",4.99,3563
Stainless Steel BBQ Grill Set,Essential tools for outdoor barbecues including tongs and spatula.,49.99,5903
Sweet Potato Mash,"Creamy mashed sweet potatoes, ready to heat and serve.",3.99,7452
Cauliflower Rice Stir-Fry,Frozen cauliflower rice blended with mixed vegetables and seasonings.,4.99,3331
Tailored Blazer,Sharp tailored blazer perfect for office wear and professional events.,99.99,7703
Indoor Grill,Electric indoor grill for quick meals.,59.99,9964
Mixed Nuts,"A blend of assorted nuts, perfect for snacking or adding to recipes.",5.99,2806
Adjustable Dumbbells,Space-saving adjustable dumbbells for strength training.,249.99,903
Almond Joy Bars,Chocolate-covered candy bars with coconut and almonds.,1.29,4898
Handcrafted Wooden Coasters,Set of unique wooden coasters for drinks and decor.,19.99,5171
Cranberry Juice,Refreshing cranberry juice with no added sugar.,3.69,3189
Maple Bacon Potato Chips,Savory potato chips with a hint of maple sweetness and crispy bacon flavor.,2.89,4689
Spicy Kimchi,"Traditional Korean fermented vegetables, packed with flavor.",4.79,7394
Electric Toothbrush Holder,Sanitary holder that ensures your toothbrush stays clean.,14.99,1998
Matcha Green Tea Powder,High-quality matcha for making traditional tea or lattes.,14.99,9715
LED Christmas Lights,Eco-friendly LED lights for festive decorations.,29.99,936
Non-Toxic Concrete Sealer,Eco-friendly sealer for protecting concrete surfaces.,39.99,1642
Window Bird Feeder with Suction Cups,Clear feeder that attaches to windows for bird watching.,28.99,1863
Digital Wireless Meat Thermometer,Bluetooth thermometer that alerts you when your meat is done.,39.99,9263
Chocolate Hazelnut Spread,"A creamy spread made with chocolate and hazelnuts, perfect for toast.",5.99,4844
Strawberry Rhubarb Jam,"A sweet and tart jam, perfect on toast or in desserts.",4.29,6454
Multi-Function Meat Tenderizer,Kitchen tool for tenderizing meat to enhance flavors.,19.99,8326
Dog Walking Waist Pack,Hands-free waist pack for carrying essentials while walking your dog.,19.99,2853
Organic Green Lentils,"Nutty flavored lentils, perfect for soups and salads.",3.99,344
Throw Pillow Covers,Set of decorative pillow covers to enhance your home decor.,22.99,8015
Pet Grooming Glove,Gentle glove for brushing and massaging your pet.,12.99,494
Spiralizer,Vegetable spiralizer for healthy meals.,22.99,6112
Apple Cinnamon Instant Oatmeal,"Quick oatmeal packets infused with apple and cinnamon, perfect for breakfast.",3.49,9320
Dark Chocolate Bars,"Rich dark chocolate bars, perfect for a sweet treat.",2.99,3817
Paint By Numbers Kit,Relaxing paint kit with pre-printed canvas for painting.,24.99,819
Saffron Rice Mix,Flavorful rice mix with saffron and spices.,2.99,7478
Memory Foam Pillow,Ergonomic memory foam pillow for better sleep.,39.99,8741
Classic Watch,Timeless analog watch with a leather strap.,99.99,6220
Coconut Lime Rice,"Flavorful rice mixed with coconut and lime, a tropical side dish.",2.99,2485
Pet Waterer with Filtration,Automatic waterer that filters and provides fresh drinking water for pets.,39.99,3321
Warm Wool Sweater,Cozy wool sweater to keep you warm on chilly days.,59.99,432
Adjustable Dumbbells,Space-saving adjustable dumbbells for strength training.,249.99,2393
Compact Portable Grill,Easy-to-use portable grill for barbecues.,79.99,4698
Black Bean Spaghetti,"High-protein pasta made from black beans, gluten-free.",3.99,4990
Smart LED Light Strip,"Customizable RGB LED light strip, perfect for mood lighting.",29.99,831
Organic Green Apples,"Fresh and tart organic green apples, great for snacking or baking.",1.49,4906
Stainless Steel Straws,Set of reusable stainless steel straws for drinks.,12.99,3460
Kale & Quinoa Salad Mix,"A nutrient-packed salad mix with kale, quinoa, and a lemon vinaigrette, ready to eat.",4.49,3116
Honey Garlic Chicken,Tender chicken coated in a sweet and savory honey garlic sauce.,8.49,121
Home Delivery Food Journal,Track your meals and nutrition with this handy food journal.,14.99,7100
Electric Milk Frother,Handheld frother for creating frothed milk for coffee.,19.99,4037
Home Brewing Starter Kit,All-in-one kit for brewing beer at home.,79.99,8925
Portable Charger with Solar Panel,Eco-friendly charger with a built-in solar panel for outdoor use.,45.99,4060
Travel Mug with Leak-Proof Lid,Stainless steel travel mug that keeps drinks hot or cold.,24.99,4207
Poppy Seed Dressing,"A light and tangy dressing with poppy seeds, perfect for salads.",3.49,6519
Spinach and Feta Stuffed Chicken Breast,"Juicy chicken breast stuffed with spinach and feta cheese, seasoned to perfection.",8.99,224
Smartphone Tripod with Bluetooth Remote,Tripod with wireless remote for effortless photo-taking.,29.99,4996
Vegetable Samosas,Crispy pastry filled with seasoned vegetables.,4.99,9013
Adjustable Bar Stools,Stylish bar stools with adjustable height and swivel features.,149.99,7011
Apple Cinnamon Granola,A wholesome granola with bits of apple and a touch of cinnamon.,4.49,7786
Kale Chips,"Healthy, crunchy kale chips, a nutritious snack.",3.99,3443
Peach Fruit Cups,"Juicy peach slices in light syrup, in convenient cups.",1.99,4431
Balsamic Vinaigrette,Rich and tangy dressing perfect for salads.,2.69,8430
Smartphone UV Sanitizer,UV light sanitizer for phones and small items.,39.99,3698
Pet Travel Bed,Portable bed for pets while traveling.,26.99,8188
Cheddar Cheese Slices,"Creamy cheddar cheese slices, perfect for sandwiches and snacks.",3.49,1349
Chic Jumpsuit,An elegant jumpsuit that can be dressed up or down.,89.99,7155
Coconut Curry Lentils,Lentils cooked in a coconut curry for a hearty meal.,5.79,9465
Compact Digital Camera,High-resolution camera for stunning photos.,249.99,1236
3D Night Light,Color-changing 3D night light for kids' rooms.,19.99,2707
Laptop Sleeve,Padded laptop sleeve for protection against scratches.,24.99,3422
Saffron Rice Mix,Flavorful rice mix with saffron and spices.,2.99,2011
Cushion Covers,Set of decorative cushion covers for home decor.,35,3193
Hummus Trio Pack,"A variety pack of classic, roasted red pepper, and garlic hummus.",5.49,3397
Brazil Nuts,"Rich in selenium, perfect for snacking or baking.",10.99,3860
Cinnamon Ice Cream,"Creamy ice cream with a warm cinnamon flavor, perfect for dessert.",4.99,1723
Electric Kettle,Rapid boil electric kettle with temperature control.,39.99,6963
Pomegranate Juice,"Fresh pomegranate juice, rich in antioxidants.",4.49,4940
Black Bean Spaghetti,"High-protein pasta made from black beans, gluten-free.",3.99,9880
Silicone Baking Mat Set,Non-stick and reusable mats for easy baking.,24.99,5486
Car Windshield Sun Shade,Protects car interior from sun damage and heat.,19.99,3439
Smart Thermostat with Wi-Fi,Wi-Fi enabled thermostat that learns your habits.,169.99,6514
Hydration Backpack,Lightweight backpack with an insulated water reservoir for hydration on the go.,39.99,6446
Digital Meat Thermometer,Instant-read thermometer for precise cooking temperatures.,24.99,2696
Artisan Cornbread Mix,"Mix for homemade cornbread, just add water and bake for a delicious side.",2.49,5604
Suede Ankle Booties,"Chic suede ankle booties, perfect for dressing up or down.",79.99,7784
Pet Grooming Scissors,Quality scissors designed for easy pet grooming.,16.99,3057
Vegetable Medley,Mixed fresh vegetables for stir-frying or roasting.,2.99,6256
Travel Document Organizer,"Organize travel documents, passport, and cards.",15.99,8873
Fitness Balance Ball,Stability ball for Pilates and yoga workouts.,24.99,9781
Almond Joy Munch Bars,"A delightful mix of chocolate, coconut, and almonds in a snack bar.",1.39,3593
Plant-Based Protein Bars,Nutritious protein bars for on-the-go snacking.,19.99,5147
Multi-Cooker,Versatile multi-cooker for pressure cooking and slow cooking.,89.99,9064
Sriracha Sauce,Spicy chili sauce for an extra kick in your meals.,3.19,5431
Poppy Seed Dressing,"A light and tangy dressing with poppy seeds, perfect for salads.",3.49,6689
Sweet Potatoes (organic),"Fresh organic sweet potatoes, great for roasting or mashing.",1.99,2526
Winter Insulated Jacket,Warm and stylish jacket for cold weather.,89.99,4668
Spinach Artichoke Dip,"A delicious creamy dip featuring spinach and artichokes, perfect for parties.",4.99,146
Coconut Lime Rice,"Flavorful rice mixed with coconut and lime, a tropical side dish.",2.99,9762
Puzzle Mat,Foldable mat for jigsaw puzzle assembly.,22.99,3345
Biodegradable Dog Waste Bags,Eco-friendly bags for picking up after your pet.,14.99,1889
Trackpad for Laptop,Wireless trackpad for enhanced laptop navigation.,49.99,6140
Backpacking Tent,Lightweight and durable tent for camping trips.,109.99,5227
Chili Con Carne Mix,A spice blend for making flavorful chili con carne.,2.99,686
Roasted Garlic Mashed Potatoes,Creamy mashed potatoes infused with roasted garlic flavor.,3.99,1117
Dog Training Clicker,Training tool for reinforcing commands and behavior in dogs.,5.99,157
Slim Fit Chinos,Comfortable slim fit chinos for a polished look.,54.99,6389
Frozen Edamame,"Lightly salted frozen edamame, a protein-packed snack.",3.29,9743
Sesame Garlic Noodles,Delicious noodles tossed in a sesamegarlic sauce.,3.49,6656
LED Desk Lamp with USB Charging Port,Modern lamp featuring a USB port for convenient charging.,29.99,7200
Body Pillow Case,Soft and breathable pillowcase for body pillows.,14.99,1074
Chipotle Lime Salsa,Spicy salsa with chipotle and lime for a zesty kick.,3.99,2264
Mediterranean Couscous Salad,"Couscous salad with cucumbers, tomatoes, feta, and olives, ready to eat.",5.49,4921
Golf Putting Green,Indoor putting green for practicing your putting skills.,79.99,8959
Sushi Rice,Short-grain sushi rice for perfect rolls.,3.99,6136
Zucchini Noodle Pasta,"Low-carb zucchini noodles, perfect for a healthy alternative to pasta.",3.99,8405
Board Game,Strategic board game for family game nights.,34.99,6405
Lemon Lime Sparkling Water,Refreshing sparkling water with lemon and lime flavor,1.99,6222
Indoor Grill,Electric indoor grill for quick meals.,59.99,8736
Jigsaw Puzzle,500-piece jigsaw puzzle featuring beautiful scenery.,14.99,1973
Portable Campfire,Compact campfire for grilling and warmth during camping trips.,39.99,1379
Luxe Velvet Blazer,Elevate your outfit with this sophisticated velvet blazer.,89.99,9970
Roasted Sweet Corn,Sweet corn roasted to perfection for a delightful side.,1.99,7751
Vegetarian Chili,"Hearty chili made with beans and vegetables, a savory meal option.",3.99,5357
Mini Projector for Smartphones,Compact and portable projector for watching videos anywhere.,99.99,5056
Coconut Curry Sauce,A flavorful sauce made with coconut milk and spices.,3.89,5100
Self-Cleaning Water Bottle,Water bottle with built-in UV-C light for self-cleaning.,49.99,5180
Pomegranate Juice,"Fresh pomegranate juice, rich in antioxidants.",4.49,4186
Lockable Bicycle Chain,Heavy-duty chain lock for securing bicycles.,19.99,2801
Winter Insulated Jacket,Warm and stylish jacket for cold weather.,89.99,6090
Snack Container Set,Stackable containers for organizing snacks and treats.,19.99,8385
Smartphone Tripod,Adjustable tripod for smartphones and cameras.,29.99,9635
Electric Toothbrush Holder,Sanitary holder that ensures your toothbrush stays clean.,14.99,55
Portable Hammock Swing,Lightweight and portable swing hammock for relaxing outdoors.,59.99,5991
Glass Food Containers,BPA-free glass containers for safe food storage.,34.99,8419
Honey BBQ Riblets,"Tender riblets coated in a honey barbecue glaze, perfect for grilling or baking.",12.99,9772
Pepperoni Pizza Rolls,"Savory pizza rolls filled with pepperoni and cheese, ready to bake and enjoy in minutes.",6.99,2503
Adjustable Bar Stools,Stylish bar stools with adjustable height and swivel features.,149.99,4263
Chilli Lime Corn on the Cob,Corn on the cob seasoned with chili and lime for a spicy kick.,1.99,1168
Wall Decals for Kids,Fun and colorful wall decals for children's rooms.,24.99,3080
Beef Stroganoff Mix,Everything you need to create a hearty beef stroganoff.,5.49,4361
Rolling Cooler,Wheeled cooler for transporting drinks and snacks.,59.99,7478
Mini Meatballs,Frozen mini meatballs that are great as a snack or in pasta dishes.,5.99,49
Pet Grooming Kit,Complete grooming kit for dogs and cats.,39.99,529
Eco-Friendly Cleaning Cloths,Reusable microfiber cloths for environmentally friendly cleaning.,12.99,6028
Wall Art,Abstract canvas print to enhance home decor.,45,5759
Two-Tone Windbreaker,"Stylish two-tone windbreaker, perfect for active days.",59.99,4594
Fridge Magnet Set,Fun fridge magnets to decorate your kitchen.,15.99,2305
Herbal Tea Set,Assorted herbal tea bags for relaxation and wellness.,19.99,6957
Stainless Steel Mixing Bowls,Set of versatile mixing bowls for cooking.,29.99,105
Stylish Wide-Leg Trousers,Fashionable wide-leg trousers for a chic silhouette.,59.99,733
Pear and Gorgonzola Salad,"Fresh salad with pears, gorgonzola cheese, and nuts, perfect for lunch.",5.49,6591
Italian Herbal Seasoning,A fragrant blend of Italian herbs for pasta sauces and marinades.,1.99,1428
Wild Rice & Quinoa Mix,"Nutritious blend of wild rice and quinoa, perfect as a side dish.",2.99,6764
Smoked Gouda Cheese,Rich and creamy smoked Gouda cheese perfect for snacking.,5.49,6793
Toilet Paper (12 rolls),Soft and strong toilet paper for everyday use.,8.99,8169
Indian Curry Sauce,Authentic Indian curry sauce for quick meals.,3.69,4522
Peanut Butter Protein Balls,No-bake energy bites made with peanut butter and oats.,5.29,9184
Camping Tarp,Durable tarp for outdoor camping and protection.,32.99,3415
Savory Oats,"Instant oats with a savory twist, such as herbs and spices.",2.49,5155
Thermostatic Shower Valve Kit,Regulate water temperature for safe and comfortable showers.,39.99,7386
Apple Cinnamon Breakfast Muffins,Delicious muffins filled with apples and a hint of cinnamon for breakfast.,3.49,7006
Portable Hammock with Stand,Lightweight hammock with a sturdy stand for relaxation anywhere.,69.99,2280
Pet Hair Remover,Effective roller for removing pet hair from furniture.,9.99,4917
Spinach and Feta Stuffed Chicken Breast,"Juicy chicken breast stuffed with spinach and feta cheese, seasoned to perfection.",8.99,9030
Collapsible Pet Dog Bowl,Travel-friendly dog bowl that is collapsible for easy storage.,9.99,799
Kids' Dinosaur-Themed Lunchbox,Fun lunchbox for kids with a sturdy design.,19.99,3987
Bock Beer Mustard,"Flavorful mustard with a tangy kick, perfect for hot dogs and sandwiches.",2.29,823
Portable Ice Maker,Compact ice maker for creating ice at home or in offices.,199.99,5822
Body Pillow Case,Soft and breathable pillowcase for body pillows.,14.99,2034
Electric Screwdriver,Cordless electric screwdriver for home projects.,59.99,3918
Portable Massage Gun,Personal massager for muscle recovery.,79.99,4869
Dual Function Electric Skillet,"Skillet that can fry, grill, and sauté with ease.",59.99,6680
Snap-On Tupperware Set,Durable and versatile food storage containers.,34.99,6934
Travel Mug with Leak-Proof Lid,Stainless steel travel mug that keeps drinks hot or cold.,24.99,2009
Self-Adhesive Wallpaper,Peel and stick wallpaper for easy home decor changes.,34.99,5172
Fitness Tracker Watch,Water-resistant activity tracker and smartwatch features.,79.99,9103
Hiking Boots,Comfortable hiking boots for outdoor adventures.,79.99,133
Classic White T-Shirt,A timeless wardrobe staple crafted from soft cotton with a perfect fit.,19.99,1100
Backpacking Tent,Lightweight and durable tent for camping trips.,109.99,744
Banana Peanut Butter Smoothie,Frozen smoothie mix with bananas and peanut butter for a quick drink.,5.49,5276
Homestyle Chicken Noodle Soup,Classic chicken noodle soup with tender chicken and vegetables.,2.99,6559
Grilled Veggie Burgers,Delicious veggie burgers loaded with grilled vegetables.,6.29,2338
Lentil Vegetable Stew,"Hearty stew made with lentils and mixed vegetables, vegan-friendly.",4.49,1091
Tennis Racket,Lightweight tennis racket for beginners and advanced players.,89.99,4358
White Rice,"Plain white rice, a staple for any meal.",1.49,8264
Set of Measuring Spoons,Stainless steel measuring spoons set for cooking.,12.99,9424
Asian Noodle Salad Kit,A pre-packaged salad kit with noodles and Asian-style dressing.,4.99,8019
Wireless HDMI Transmitter,Stream HD video wirelessly to your TV.,79.99,9241
Home Office Chair,Ergonomic office chair with lumbar support and adjustable height.,199.99,4049
Wireless Gaming Mouse,Ergonomic mouse designed for gamers with high DPI.,39.99,4822
Electric Heat Press Machine,Ideal for creating custom designs on t-shirts and fabrics.,99.99,9802
Avocado Oil Mayo,Creamy mayonnaise made with avocado oil for a healthier twist.,5.29,9507
Reversible Swimming Pool Lounger,Floating lounger for relaxation in swimming pools or lakes.,34.99,6313
Pet Grooming Gloves,Gentle grooming gloves for shedding pets.,9.99,6689
Lemon Dill Salmon,"Salmon fillets seasoned with lemon and dill, perfect for grilling.",9.99,1222
Colorful Post-It Notes Set,Variety pack of sticky notes in different colors and sizes.,9.99,5825
Reversible Comforter Set,Soft comforter set for a cozy bedroom look.,89.99,575
Vegetable Stir-Fry Kit,"A mix of fresh vegetables with a savory stir-fry sauce, ready to cook.",6.99,5163
Personalized Keychain,Custom keychain with engraved text.,10.99,218
Pasta (Fusilli),Twisted pasta perfect for salads and pasta dishes.,1.79,6503
Salsa,"Fresh and zesty salsa, perfect for nachos.",3.49,9162
Smartphone Tripod,Adjustable tripod for smartphones and cameras.,29.99,2904
Cinnamon Sugar Mix,Sweet mixture of cinnamon and sugar for sprinkling.,1.49,7501
Honey Almond Granola Bars,Chewy granola bars made with honey and almonds.,3.99,8427
Cinnamon Ice Cream,"Creamy ice cream with a warm cinnamon flavor, perfect for dessert.",4.99,8127
Chickpea Snack Mix,"Crunchy, seasoned chickpeas for a wholesome snack.",3.49,42
Lemon Garlic Shrimp,"Marinated shrimp in a garlic and lemon sauce, perfect for grilling.",8.99,7809
Pumpkin Waffles,Delicious waffles infused with pumpkin and spices.,4.49,3367
Portable Pet Stroller,Convenient stroller for pets to enjoy outdoor walks.,89.99,2264
Indestructible Dog Toy,Durable toy designed for heavy chewers.,15.99,6263
Pineapple Coconut Rice Mix,A flavorful blend of rice with tropical pineapple and coconut flavors.,3.99,7596
Adjustable Standing Desk,Ergonomic desk that adjusts height for standing or sitting.,299.99,7366
Miso Soup Mix,"Instant miso soup mix, just add hot water for a warm meal.",3.29,8163
Stainless Steel Mixing Bowls,Set of versatile mixing bowls for cooking.,29.99,9647
Corn Tortillas,"Soft and warm corn tortillas, perfect for tacos and burritos.",2.49,6053
Handheld Garment Steamer,Quick and easy way to remove wrinkles from clothes.,34.99,5374
Chicken Sausage,"Flavorful chicken sausage, low in fat and fully cooked.",6.99,7170
Cat Tree with Scratching Posts,Multi-level cat tree for play and scratching.,79.99,8674
Dog Training Whistle,High-frequency whistle for training your dog effectively.,8.99,3413
Caramel Apple Chips,Crispy apple chips drizzled with caramel for a sweet treat.,3.49,7567
Skincare Fridge,Small fridge designed to keep skincare products cool and fresh.,39.99,8814
Portable Massage Gun,Personal massager for muscle recovery.,79.99,7517
Body Wash,Moisturizing body wash with natural ingredients.,12.99,7202
Portable Pet Pooper Scooper,Compact scooper for easy waste clean-up during walks.,12.99,9244
Almond Milk,"Deliciously creamy almond milk, perfect for smoothies.",3.29,4296
Smartphone Projector Kit,DIY kit to convert your smartphone into a mini projector.,24.99,4477
Insulated Cooler,Leak-proof cooler bag ideal for picnics and camping.,39.99,7359
Graphic Hoodie,Bold graphic hoodie featuring a comfortable fit and soft fabric.,49.99,9460
Essential Oils Diffuser Necklace,Wearable diffuser for scenting your space and body.,19.99,7411
Garlic Herb Cream Cheese,Spreadable cream cheese blended with garlic and herbs.,2.99,562
Ergonomic Mouse Pad with Wrist Support,Comfortable mouse pad designed to reduce wrist strain.,14.99,3862
Tailgating Set,Complete set for grilling and tailgating fun.,89.99,1307
Pepperoni Pizza Rolls,"Savory pizza rolls filled with pepperoni and cheese, ready to bake and enjoy in minutes.",6.99,2254
Mini Waffle Maker,Compact waffle maker for perfect small waffles.,24.99,6172
Mini Air Hockey Table,Fun tabletop air hockey for home or office.,39.99,3657
Handheld Shower Head,Adjustable shower head for a luxurious shower experience.,34.99,3219
Smart Light Switch,Control lights remotely with this smart switch.,29.99,9793
Eco-Friendly Disposable Plates,Compostable plates suitable for various occasions.,22.99,7479
Gardening Gloves with Claws,Durable gloves with built-in claws for digging and planting.,24.99,9201
Buffalo Chicken Wraps,Savory wraps with buffalo chicken and fresh vegetables.,5.99,4530
Stylish Wireless Earbuds,True wireless earbuds with excellent sound quality.,59.99,9797
Ground Cinnamon,Freshly ground cinnamon spice for baking or seasoning.,1.99,7433
Wi-Fi Enabled Smart Light Switch,Control your lights remotely with a smartphone app.,24.99,5178
Striped Long Sleeve Shirt,A casual striped long sleeve shirt that's perfect for layering.,29.99,3779
Thyme,"Fresh thyme, perfect for seasoning dishes.",2.49,7319
Smartphone Gimbal Stabilizer,Stabilizer for smooth video recording with smartphones.,89.99,898
Coffee Capsule Dispenser,Organize coffee capsules with this stylish dispenser.,24.99,8193
Vegetable Pizza Rolls,"Frozen pizza rolls filled with vegetables and cheese, perfect for snacks.",6.49,8867
Sweet Potato and Chickpea Bowl,A nourishing bowl of sweet potatoes and chickpeas with spices.,6.49,835
Lemon Pepper Seasoning,A zesty seasoning for meats and vegetables,3.29,5805
Sweet Potato Noodles,"Pasta alternative made from sweet potatoes, gluten-free and rich in flavor.",3.79,7309
Buffalo Cauliflower Wings,Crispy cauliflower bites tossed in spicy buffalo sauce.,6.99,8977
Adjustable Kitchen Broom Stand,Space-saving broom holder for organized cleaning supplies.,14.99,3452
Silicone Baking Mat Set,Non-stick and reusable mats for easy baking.,24.99,3665
Gluten-Free Pancake Mix,"Fluffy and delicious pancake mix, perfect for a gluten-free breakfast.",5.99,8553
Heat-Resistant Silicone Mat,Protects surfaces while baking or cooking with hot items.,19.99,8619
Heat-Resistant Silicone Mat,Protects surfaces while baking or cooking with hot items.,19.99,2151
Almond Butter Granola Bars,"Crunchy granola bars made with almond butter, oats, and honey, perfect for on-the-go snacking.",4.99,9839
Organic Green Apples,"Fresh and tart organic green apples, great for snacking or baking.",1.49,175
Lemon Dill Salmon,"Salmon fillets seasoned with lemon and dill, perfect for grilling.",9.99,1927
Pumpkin Spice Muffins,Moist and flavorful muffins packed with fall spices and pumpkin puree.,3.99,637
Eco-Friendly Cleaning Cloths,Reusable microfiber cloths for environmentally friendly cleaning.,12.99,2516
Hiking Gaiters,Protective gaiters to keep dirt and debris out of shoes during hikes.,29.99,2944
Fishing Tackle Box,Organized tackle box for fishing gear.,24.99,4921
Digital Bullet Journal,Stylish digital journaling app for notes and organizing tasks.,24.99,1766
Personal Blender with Cups,Compact blender that comes with travel cups for smoothies.,34.99,6528
A-Line Skirt,"Classic A-line skirt that flatters every figure, perfect for work or play.",35.99,1935
Coconut Curry Chicken,"Tender chicken cooked in a rich coconut curry sauce, ready to heat and serve.",9.99,4311
Fresh Cilantro,"Bright and fragrant cilantro, great for garnishes.",1.49,8165
Organic Coconut Oil,"Cold-pressed coconut oil, perfect for cooking, baking, or skin care.",8.99,4800
Creamy Garlic Dressing,"Rich and creamy dressing with garlic flavor, perfect for salads.",3.99,8272
Cheddar Cheese Slices,"Creamy cheddar cheese slices, perfect for sandwiches and snacks.",3.49,7455
Lentil Soup (canned),Hearty lentil soup for a quick meal.,1.99,6607
High-Top Leather Boots,Durable high-top leather boots for the stylish adventurer.,99.99,6328
Granola Bars,"Crispy and chewy granola bars, perfect for on-the-go.",4.99,1688
Smashed Avocado with Lime,"A creamy blend of avocados and lime juice, great for spreads or dips.",2.49,7375
Cotton Pajama Set,Soft cotton pajama set for cozy nights in.,49.99,5844
Wireless Mouse,Ergonomic wireless mouse with adjustable DPI.,25.99,7628
Slim Wallet,RFID-blocking slim wallet for cards and cash.,24.99,8887
Leek and Potato Soup,Savory soup made with leeks and potatoes.,3.29,9041
Honey-Balsamic Vinaigrette,A sweet and tangy vinaigrette dressing for salads.,3.39,4521
Canned Coconut Milk,"Rich coconut milk, great for cooking and baking.",1.89,7584
Chili Lime Shrimp,"Frozen shrimp seasoned with chili and lime, perfect for quick dinners.",8.99,7262
Garden Tool Set with Carrying Bag,Complete set for garden care with a handy carrying bag.,39.99,7027
LED Flashlight with Rechargeable Batteries,Bright flashlight with rechargeable batteries included.,19.99,2044
Glass Tea Pot,Elegant glass teapot for brewing loose tea.,34.99,8725
Electric Meat Grinder,Powerful grinder for making sausage and burgers at home.,89.99,3785
Whole Grain Mustard,Tangy whole grain mustard for sandwiches and dressings.,3.49,5005
Portable Phone Charger,High-capacity power bank for charging devices on the go.,29.99,554
Frozen Spinach,"Chopped and frozen spinach, ideal for cooking and smoothies.",1.99,517
Coconut Granola,Crunchy granola mixed with coconut flakes.,4.19,7951
Pita Bread,"Soft pita bread, perfect for sandwiches or dips.",2.99,9646
Lemon Garlic Marinade,"A zesty marinade made with lemon juice and garlic, ideal for chicken or fish.",4.29,3810
Educational STEM Kit,Hands-on experience with science and engineering projects.,35.99,370
Oversized Denim Shirt,A trendy oversized denim shirt perfect for layering.,49.99,1041
Portable Blender,Battery-operated blender for smoothies on the go.,30,3348
Smart Home Security Camera,Wi-Fi camera with motion detection for home security.,79.99,3100
Compact Hair Dryer,Lightweight hair dryer with multiple speed settings.,29.99,4625
Self-Cleaning Cat Litter Box,Automated litter box that cleans itself after each use.,199.99,2015
Video Camera,1080p HD video camera with night vision.,199,7567
Multi-Cooker,Versatile multi-cooker for pressure cooking and slow cooking.,89.99,8293
Classic Slim Fit Shirt,A tailored slim fit shirt for a polished look at work.,49.99,3573
Chili Powder,Spicy chili powder to add heat to dishes.,2.09,9039
Cat Scratching Post with Toys,Multi-level scratching post to keep your cat entertained.,44.99,7214
Decorative Throw Blanket,Soft throw blanket for cozy home decor.,39.99,2879
Sweet Potatoes (organic),"Fresh organic sweet potatoes, great for roasting or mashing.",1.99,8596
Chili Powder,Spicy chili powder to add heat to dishes.,2.09,8232
Cajun Seasoning,Spicy seasoning mix for all your favorite dishes.,1.99,282
Sourdough Bread,Artisan-made sourdough bread with a tangy flavor.,4.99,3426
Lemon Dill Salmon,"Salmon fillets seasoned with lemon and dill, perfect for grilling.",9.99,9391
Electric Wax Warmer,Wax warmer for creating a soothing atmosphere with fragrances.,22.99,4531
Savory Trail Mix,"A blend of nuts, seeds, and spices for a healthy snack.",4.29,8613
Electric Food Steamer,Electric food steamer for healthy cooking.,59.99,3809
Bamboo Bathtub Caddy,"Expandable caddy for holding books, phones, and snacks while in the bath.",34.99,6774
Noise Reduction Headphones,Passive noise reduction headphones for focus.,39.99,8861
Caramel Sauce,Rich sauce for desserts and ice cream.,3.49,2854
Window Bird Feeder with Suction Cups,Clear feeder that attaches to windows for bird watching.,28.99,3847
Fire Roasted Salsa,Salsa made with fire-roasted tomatoes for an authentic flavor.,2.49,8396
Portable Air Conditioner,Compact air conditioner for personal cooling.,299.99,3522
Bluetooth Sleep Headphones,Comfortable wireless headphones designed for sleeping.,29.99,8754
Asian Stir-Fry Vegetables,Frozen mix of colorful stir-fry veggies.,2.99,3507
Electric Nail File Kit,Professional-grade nail care set for manicures and pedicures.,34.99,1343
Butternut Squash Ravioli,"Delicate ravioli filled with roasted butternut squash and spices, perfect with a sage butter sauce.",6.29,7727
Maple Chipotle Glaze,A sweet and spicy glaze that's perfect for grilling or marinades.,3.49,5468
Jigsaw Puzzle,500-piece jigsaw puzzle featuring beautiful scenery.,14.99,8094
Waterproof Rain Boots,Stay dry with these stylish waterproof rain boots.,69.99,6658
Hiking Gaiters,Protective gaiters to keep dirt and debris out of shoes during hikes.,29.99,7550
Baby Monitor,Video baby monitor with night vision.,79.99,2488
Electric Nail File Kit,Professional-grade nail care set for manicures and pedicures.,34.99,9133
Oven-Baked Sweet Potato Fries,"Crispy sweet potato fries, perfectly seasoned and baked to perfection.",3.99,8737
Red Lentils,Nutritious and quick-cooking red lentils.,1.99,4161
Coconut Curry Chicken,"Tender chicken cooked in a rich coconut curry sauce, ready to heat and serve.",9.99,6637
Garlic and Herb Rub,A seasoning blend of garlic and herbs to enhance any dish.,2.29,6560
Coconut Macaroons,"Chewy cookies made with coconut, perfect for sweet cravings.",4.99,9527
Vegan Tacos,Frozen vegan tacos filled with plant-based protein and spices.,7.49,7369
Smartphone Projector,DIY projector that magnifies your smartphone screen for movie nights.,29.99,1364
Deep Tissue Massage Gun,Rechargeable massage gun for relieving muscle soreness.,89.99,9934
Pet Travel Carrier,Comfortable carrier for small pets during travel.,39.99,5044
Organic Whole Wheat Flour,High-quality whole wheat flour for baking and cooking.,2.99,5163
Cranberry Pecan Granola,Crunchy granola with cranberries and pecans.,3.99,106
Cinnamon Sugar Donuts,Delicious mini donuts dusted with cinnamon sugar.,4.99,5061
Wireless Printer,Compact wireless printer for home use.,99.99,6477
Stuffed Bell Peppers,Bell peppers stuffed with rice and vegetables,5.99,5470
Halloween Decoration Set,Fun decorations for Halloween to set a spooky atmosphere.,29.99,3983
Self-Watering Planters,Planters with a self-watering feature for easy care.,49.99,1210
Car Emergency Kit,Comprehensive emergency kit for roadside assistance.,49.99,6389
Roasted Red Pepper Hummus,A creamy and flavorful hummus made with roasted red peppers.,3.49,5273
Stylish Wireless Earbuds,True wireless earbuds with excellent sound quality.,59.99,6261
Lemonade Mix,Sweetened powder for refreshing lemonade.,1.99,3776
Hydration Backpack,Lightweight backpack with an insulated water reservoir for hydration on the go.,39.99,8626
Crispy Potato Tots,"Golden brown potato tots, crispy on the outside and fluffy inside.",3.69,1477
Cilantro Lime Rice,"Easy-to-prepare rice with cilantro and lime flavors, great as a side.",2.99,6500
Pumpkin Spice Muffins,Moist and flavorful muffins packed with fall spices and pumpkin puree.,3.99,5312
Sunglasses Case,Hard-shell case for protecting sunglasses.,15.99,4076
Chocolate Dipped Fruit,"Fruits dipped in rich chocolate, perfect for desserts.",5.99,3294
Honey mustard chicken tenders,Golden crispy chicken tenders coated with honey mustard flavor.,7.99,8955
Luminous Night Light,Soft glow night light for children's rooms or bedside.,15.99,3925
Ergonomic Mouse Pad with Wrist Support,Comfortable mouse pad designed to reduce wrist strain.,14.99,8661
Robot Vacuum Cleaner,Smart robotic vacuum for automatic cleaning.,299.99,2322
Terry Cloth Robe,"Soft and comfortable robe, perfect for lounging at home.",59.99,8443
Thyme,"Fresh thyme, perfect for seasoning dishes.",2.49,4856
Bamboo Toothbrush,Eco-friendly bamboo toothbrush for sustainable living.,5.99,1386
Silicone Cooking Utensils Set,Non-stick and heat-resistant utensils for cooking.,34.99,5061
Wireless Charger Stand,Convenient charging stand for smartphones and devices.,24.99,2382
Sweetened Condensed Milk,Rich and creamy milk perfect for baking or desserts.,1.89,9730
French Onion Dip,"Creamy dip made with real onions and spices, great for chips and veggies.",2.99,5092
Self-Watering Planter,Planter with self-watering feature for easy plant care.,24.99,8914
Mini Cordless Vacuum Cleaner,Handheld vacuum cleaner for quick and easy cleaning.,45.99,1099
Fitness Jump Rope with LCD Counter,Weighted jump rope that counts jumps and calories burned.,15.99,3840
Compact Folding Table,Versatile folding table great for events or outdoor activities.,49.99,602
Lemon Garlic Marinade,"A zesty marinade made with lemon juice and garlic, ideal for chicken or fish.",4.29,9589
Sweet Chili Dipping Sauce,A sweet and spicy sauce ideal for spring rolls or chicken nuggets.,2.99,4607
Nordic Berry Smoothie,Frozen smoothie blend with berries for a quick and healthy breakfast.,3.99,5776
Fried Rice,"Pre-cooked vegetable fried rice, just heat and serve.",4.29,6855
Smart WiFi Plug,Control appliances remotely using your smartphone.,19.99,1564
Pet Tracking Collar,GPS pet collar that helps locate your pet via smartphone app.,59.99,9138
Kids' Science Experiment Kit,Engaging kit with science experiments for children.,29.99,6696
Yoga Mat Carrier,Convenient carrier for transporting yoga mat.,12.99,1042
Sweet Potato Chips,"Deliciously crunchy sweet potato chips, seasoned to perfection.",2.99,146
Cotton Pajama Set,Soft cotton pajama set for cozy nights in.,49.99,8177
Adjustable Yoga Mat Strap,Convenient strap for carrying yoga mats to class.,14.99,4500
Collapsible Water Bottle,Space-saving collapsible bottle for outdoor activities.,12.99,7960
Camera Lens Cleaning Kit,Complete cleaning kit for camera lenses.,14.99,6716
Magnetic Whiteboard,Reusable whiteboard for notes and reminders with magnetic backing.,34.99,6463
Fitness Resistance Bands Set,Variety of bands suitable for all fitness levels.,34.99,3124
Nutty Trail Mix,"A blend of nuts, seeds, and dried fruits for snacking.",4.29,3664
Habanero Hot Sauce,Fiery hot sauce made with fresh habaneros and spices.,3.79,4970
Vintage Graphic Tee,Retro-style graphic tee with a soft wash for a vintage feel.,25.99,250
Safety Goggles,Protective goggles for DIY and construction work.,14.99,3492
Caribbean Jerk Marinade,A spicy marinade perfect for chicken and fish.,3.79,7441
Himalayan Pink Salt,"Natural mineral salt with a subtle flavor, ideal for cooking and seasoning.",1.99,5917
Kids' Dinosaur-Themed Lunchbox,Fun lunchbox for kids with a sturdy design.,19.99,1221
Bamboo Memory Foam Pillow,Ergonomically designed pillow with breathable bamboo cover.,34.99,8403
Handheld Vacuum,Cordless handheld vacuum for quick cleanups.,79.99,284
Adjustable Resistance Bands,Set of resistance bands for versatile strength training workouts.,39.99,2121
Portable Charcoal Grill,Compact charcoal grill perfect for tailgating.,89.99,9364
Vegetable Chips,Crispy and crunchy snack made from assorted vegetables.,3.99,5936
Teriyaki Beef Jerky,Savory and chewy beef jerky with teriyaki flavor.,5.49,6236
Safety First Aid Kit,Comprehensive first aid kit for home or travel emergencies.,29.99,1035
Chicken Salad Kit,All-in-one kit for making delicious chicken salad.,5.99,7098
Graphic Print Leggings,"Trendy leggings with a unique graphic print, versatile for workouts and casual wear.",29.99,7193
Car Windshield Sun Shade,Protects car interior from sun damage and heat.,19.99,7076
Chicken Breasts,Juicy and tender boneless chicken breasts.,9.99,1136
V-Neck Sweater,Classic V-neck sweater crafted from soft wool for warmth and style.,49.99,3836
Frozen Burritos,Easy-to-heat frozen burritos for a quick meal.,8.99,4897
Sweet and Sour Sauce,Perfect dipping sauce or stir-fry addition for a sweet and tangy flavor.,2.79,5715
Organic Tomato Ketchup,"Classic ketchup made from organic tomatoes, no added sugar.",3.49,9991
Baked Potato Chips,"Light and crispy baked chips, a healthier snack option.",2.49,5499
Blue Denim Jeans,Classic fit blue jeans with a slight stretch for comfort and durability.,49.99,7085
Chili Beans (canned),"Canned beans with chili sauce, perfect for chili dishes.",1.69,8320
Wooden Blocks,Classic wooden building blocks for toddlers.,24.99,8412
Dried Mango Slices,"Sweet and chewy dried mango slices, perfect for snacking.",3.49,586
Glass Food Containers,BPA-free glass containers for safe food storage.,34.99,8850
Infrared Thermometer,Non-contact thermometer for checking temperatures instantly.,39.99,2033
Stylish Combat Boots,Bold combat boots that make a statement with any outfit.,99.99,9730
Sports Water Bottle with Infuser,Bottle that allows you to infuse your water with fruits.,19.99,9658
Eco-Friendly Notepad,Notepad made from recycled paper for sustainable note-taking.,8.99,2822
Zesty Garlic Hummus,Creamy chickpea dip infused with zesty garlic flavor.,3.99,4258
Scented Soy Candles,Hand-poured candles made of natural soy wax.,19.99,6107
Black Olives,"Sliced black olives, perfect for salads and pizzas.",1.99,2582
Athletic Sports Bra,"Supportive sports bra designed for high-impact workouts, made with moisture-wicking fabric.",24.99,7405
Outdoor Portable Fire Pit,Compact fire pit for campfires and gatherings.,149.99,2824
Hot Dog Buns,Soft buns perfect for stuffing with your favorite hot dogs.,2.49,6469
Chocolate Covered Pretzels,"Crunchy pretzels coated in rich chocolate, a sweet treat.",3.29,4288
BBQ Sauce,"A smoky barbecue sauce, ideal for grilling and dipping.",3.49,1129
Memory Foam Mattress Topper,3-inch memory foam mattress topper for added comfort.,109.99,9819
Honey Mustard Dip,Sweet and tangy honey mustard dip for snacks.,3.29,5990
Hand Mixer,Compact hand mixer for easy baking.,29.99,6149
Shredded Cheese,"Blend of cheddar and mozzarella cheese, great for recipes.",4.29,6156
Portable Grill Cover,Durable cover to protect your grill from the elements.,24.99,1030
Bluetooth Sleep Headphones,Comfortable wireless headphones designed for sleeping.,29.99,7643
Travel Pillow with Memory Foam,Ergonomically designed neck pillow for comfortable travel.,29.99,2444
Cocktail Shaker and Mixing Glass Set,Complete set for mixing cocktails at home.,39.99,3853
Free-Range Eggs,Fresh eggs from free-range chickens.,3.99,8442
Savory Breakfast Sausage,"Frozen sausage patties made with herbs and spices, perfect for breakfast sandwiches.",6.49,1005
Mediterranean Olives,A mix of brined Mediterranean olives for snacking.,6.49,7562
Canvas High-Top Sneakers,Trendy high-top canvas sneakers for a stylish streetwear look.,49.99,8611
Almond Joy Bars,Chocolate-covered candy bars with coconut and almonds.,1.29,551
Organic Green Lentils,"Nutty flavored lentils, perfect for soups and salads.",3.99,2226
Fresh Lemons,Citrusy lemons perfect for drinks and cooking.,0.75,5595
Basic V-Neck T-Shirt,A staple v-neck t-shirt that pairs well with anything.,19.99,1582
Electric Meat Grinder,Powerful grinder for making sausage and burgers at home.,89.99,5790
Gardening Tool Belt,Convenient belt with pockets for easy access to tools while gardening.,22.99,4348
Travel Hair Straightener,Compact hair straightener for travel.,29.99,8498
Portable Laptop Table,Foldable table for working with laptops anywhere.,39.99,7754
Honey Garlic Shrimp,"Shrimp marinated in a honey garlic sauce, ready to cook.",8.49,3808
Chocolate Fudge Ice Cream,Rich and creamy chocolate fudge ice cream for dessert.,5.99,9396
Peanut Butter Banana Smoothie Mix,"Smoothie mix combining peanut butter and banana, great for a quick breakfast.",4.49,1853
Portable Jump Starter,Compact jump starter for emergency vehicle starts.,59.99,9646
Reusable Food Storage Bags,Eco-friendly silicone bags for food storage and snacks.,19.99,6667
Salsa,"Fresh and zesty salsa, perfect for nachos.",3.49,1232
Set of Silicone Cooking Utensils,Non-stick utensils for safe and easy cooking.,29.99,5891
Portable Ice Maker,Compact ice maker for creating ice at home or in offices.,199.99,2998
Graphic Print Leggings,"Trendy leggings with a unique graphic print, versatile for workouts and casual wear.",29.99,1206
Frozen Salmon Filets,"Wild-caught salmon filets, perfect for grilling or baking.",12.99,6446
Vanilla Ice Cream,"Creamy and rich vanilla ice cream, a classic dessert.",4.99,4507
Raisin Cinnamon Granola,Crunchy granola with raisins and cinnamon for a delightful breakfast.,3.79,9883
Sesame Garlic Stir-Fry Sauce,A flavorful sauce for stir-frying vegetables and meats.,2.79,9561
Peach Halves (canned),"Sweet peach halves packed in juice, great for desserts.",2.49,6197
Puffer Winter Coat,A warm and stylish puffer coat perfect for winter weather.,99.99,6011
Voice-Controlled Speaker,Smart speaker with Alexa and music streaming features.,99.99,8696
Car Escape Tool,Multi-functional tool for emergency situations in the car.,12.99,6074
Italian Sausage Links,Savory sausage links seasoned with Italian spices.,5.99,3884
Almond Milk Yogurt,"Creamy yogurt made from almond milk, vegan-friendly.",1.99,197
Magnetic Phone Case,Stylish case with magnetic closure for smartphones.,19.99,9608
Bicycle Lock,Heavy-duty bicycle lock for security.,29.99,9836
Portable Bluetooth Headphones,Wireless headphones with noise-canceling features.,79.99,1258
Surimi Crab Sticks,"Synthetic crab meat sticks, great for salads and sushi.",4.19,9552
Trackpad for Laptop,Wireless trackpad for enhanced laptop navigation.,49.99,9712
Trendy Bomber Jacket,A fashion-forward bomber jacket to elevate your casual looks.,69.99,9843
Fitness Jump Rope,Durable jump rope for cardio workouts.,15.99,9830
Apple Pie Filling,"Sweet and spiced apple filling, perfect for pies.",3.49,6191
Roasted Garlic Butter,A flavorful spread made with roasted garlic and creamy butter.,3.29,8414
Compact Shoe Rack,Space-efficient shoe rack to keep entryways organized.,34.99,8490
Coconut Milk,Rich coconut milk for curries and desserts.,2.49,3408
LED Christmas Lights,Eco-friendly LED lights for festive decorations.,29.99,8830
Kids' Building Blocks,Colorful building blocks for creative play.,19.99,2002
Roasted Sweet Corn,Sweet corn roasted to perfection for a delightful side.,1.99,3505
Whole Wheat Pita Bread,"Soft and fluffy whole wheat pita bread, great for wraps.",2.79,1596
Wireless HDMI Transmitter,Stream HD video wirelessly to your TV.,79.99,9871
Miso Soup Starter,Miso paste for making traditional Japanese miso soup.,2.99,6482
Insulated Cooler,Leak-proof cooler bag ideal for picnics and camping.,39.99,204
Coconut Cream Pie Mix,"Creamy, sweet pie mix to make the perfect coconut cream pie.",4.99,3848
Herbed Mushroom Risotto,"Creamy risotto made with mushrooms and herbs, perfect as a side dish or main course.",5.49,9968
Sunglasses Case,Hard-shell case for protecting sunglasses.,15.99,4207
Smartphone Hand Grip,Sturdy grip to hold your phone securely while taking selfies.,9.99,5666
Pet Water Fountain,Automatic water fountain for pets with filtration.,39.99,6059
Tandoori Chicken Skewers,Marinated chicken skewers infused with traditional tandoori spices.,7.99,8089
Sriracha Chili Sauce,Spicy chili sauce with garlic and sugar for a flavor kick.,2.79,941
Pumpkin Waffles,Delicious waffles infused with pumpkin and spices.,4.49,6888
Chunky Knit Sweater,Cozy oversized sweater perfect for chilly days with a textured knit design.,59.99,8733
Pet Waterer with Filtration,Automatic waterer that filters and provides fresh drinking water for pets.,39.99,6014
Tuna Fish (canned),"Wild-caught tuna in olive oil, perfect for salads.",2.29,40
Smartphone Tripod with Remote,Adjustable tripod with remote shutter for smartphones.,29.99,8350
Luxury Yoga Mat,"High-density, non-slip yoga mat for stability and comfort.",39.99,567
Miso Dressing,Flavorful dressing made with miso paste,3.49,2562
Vegan Tacos,Frozen vegan tacos filled with plant-based protein and spices.,7.49,8194
Italian Meatballs,"Juicy meatballs made with a blend of beef and pork, seasoned with Italian herbs.",8.49,8876
Multi-Purpose Plant Care Tool,"All-in-one tool for measuring soil moisture, light, and pH.",24.99,283
Sweet Potato Noodles,"Pasta alternative made from sweet potatoes, gluten-free and rich in flavor.",3.79,9294
Interchangeable Watch Bands,Set of stylish watch bands to customize your look.,24.99,9662
Spicy Roasted Nuts,"A mix of nuts roasted with spicy seasonings, perfect for snacking.",4.99,5580
Ground Turkey,"Lean and versatile ground turkey, perfect for various dishes.",5.49,6908
Stainless Steel Cutlery Set,High-quality cutlery set for daily use or special occasions.,29.99,2924
Organic Coconut Sugar,"A natural sweetener made from coconut sap, a healthier alternative to sugar.",4.19,8176
Honey Garlic Chicken,Tender chicken coated in a sweet and savory honey garlic sauce.,8.49,5551
Sports Bottle,BPA-free sports bottle with flip-top lid.,15.99,7082
Chickpea Flour,"Gluten-free flour made from ground chickpeas, great for cooking.",3.29,9245
Maple Breakfast Sausage,Savory sausage links with a hint of maple flavor.,5.99,2264
Roasted Garlic Pasta Sauce,A flavorful pasta sauce made with roasted garlic.,4.99,2784
Basil-infused Olive Oil,Extra virgin olive oil infused with fresh basil.,6.99,1641
Nutty Quinoa Salad,"A delicious salad with quinoa, nuts, and cranberries.",4.99,9273
Phone Screen Protector,Tempered glass screen protector for smartphones.,12.99,3678
Coconut Bowls Set,Handmade eco-friendly bowls made from real coconuts.,22.99,2248
Portable Grill Cover,Durable cover to protect your grill from the elements.,24.99,3696
Basil Pesto Pasta,"Pasta tossed with fresh basil pesto, simple and delicious.",6.49,7327
Chocolate Fudge Ice Cream,Rich and creamy chocolate fudge ice cream for dessert.,5.99,2189
Smoked Paprika,Add a smoky flavor to your dishes.,2.99,564
High-Waisted Skirt,"Chic high-waisted skirt, perfect for professional or casual settings.",34.99,4397
Pumpkin Pie Spice,A blend of spices that brings the taste of fall to your baked goods.,2.99,7376
Dual Function Electric Skillet,"Skillet that can fry, grill, and sauté with ease.",59.99,467
Spinach and Cheese Quiche,Savory quiche loaded with spinach and cheese.,5.49,9361
Carrot Sticks,"Freshly cut carrot sticks, perfect for snacking.",2.49,9772
Kids' Learning Tablet,Educational tablet designed for preschool-age children.,129.99,6508
Organic Cucumber,Fresh organic cucumber perfect for salads or snacking.,1.29,6233
Strawberry Rhubarb Jam,"A sweet and tart jam, perfect on toast or in desserts.",4.29,333
Organic Cucumber,Fresh organic cucumber perfect for salads or snacking.,1.29,9795
Set of Silicone Cooking Utensils,Non-stick utensils for safe and easy cooking.,29.99,1609
Organic Chia Seeds,Nutritious chia seeds great for smoothies,7.99,4136
Vegetable Sushi Rolls,Fresh sushi rolls filled with a variety of vegetables.,5.99,174
Shatterproof Wine Glasses,"Durable, unbreakable wine glasses for outdoor use.",24.99,5334
High-Speed Hand Blender,Powerful hand blender for soups and smoothies.,39.99,8289
Smart Plant Monitor,Device that tracks soil moisture and provides care tips.,24.99,8025
Balsamic Vinaigrette,Rich and tangy dressing perfect for salads.,2.69,5897
Pet Activity Tracker,GPS collar that monitors your pet's location and activity level.,59.99,3661
Chocolate Syrup,Rich chocolate syrup for ice cream or beverages.,2.99,2871
Crispy Tofu Bites,"Crispy on the outside, tender on the inside, perfect for stir-fries or salads.",4.99,5306
Pet Food Storage Container,Airtight container to keep pet food fresh.,24.99,6399
Eco-Friendly Yoga Blocks,Sustainable foam blocks for yoga practice.,15.99,7507
Luxury Memory Foam Mattress Topper,Adds extra comfort to your mattress for a better night's sleep.,129.99,1200
Cushion Covers,Set of decorative cushion covers for home decor.,35,4759
Striped Long Sleeve Shirt,A casual striped long sleeve shirt that's perfect for layering.,29.99,898
Digital Thermostat,Programmable digital thermostat for home heating.,59.99,2578
Wild Rice Pilaf,"A mix of wild rice with herbs and spices, ready to serve.",3.79,5480
Electric Wax Warmer,Wax warmer for creating a soothing atmosphere with fragrances.,22.99,6276
Wireless Printer,Compact wireless printer for home use.,99.99,1408
Spicy Tuna Salad,"Ready-to-eat tuna salad with a spicy kick, perfect for sandwiches.",4.49,3530
Electric Knife,Cordless electric knife for effortless slicing.,39.99,9878
Spicy Tuna Sushi Kit,Everything you need to make delicious spicy tuna rolls at home.,8.99,4879
Strawberry Rhubarb Jam,"A sweet and tart jam, perfect on toast or in desserts.",4.29,438
Magnet Travel Fridge Magnets,Fun tourist magnets from around the world for your fridge.,12.99,291
Chocolate Coconut Granola,"Crunchy granola with chocolate and coconut, great for breakfast or snacks.",3.79,3950
Organic Apples,Crisp and delicious organic apples.,1.89,7063
Yoga Wheel,Supportive yoga wheel for deep stretching and balance.,34.99,7723
Tattoo Kit,Complete tattoo kit for beginners and professionals.,99.99,6973
